group,content_type,record_key,stable_id,display_name,description,mechanics,relations,existence_reason,reason_basis,review_status,review_reason,lifecycle_status,catalog_memberships,runtime_status,runtime_evidence,save_evidence,incoming_reference_count,incoming_source_types,system_role,strategic_niche,costs_and_risks,comparison_group,alternative_candidates,removal_impact,rationale_evidence,source_path,asset_guid,authored__authoringRevision,authored__completionRequirements,authored__counterPressures,authored__counterPressures__count,authored__description,authored__displayName,authored__landmarkBuildingId,authored__m_Name,authored__permanentRewards,authored__permanentRewards__count,authored__sourceNote,authored__stableId,authored__tier,authored__tier__enum,authored__tier__label,authored__tier__origin
events-campaign,EndingDefinitionSO,EndingDefinitionSO|ending:arcane-ascension,ending:arcane-ascension,비전 승천,룬 전력망과 비전 생산을 통합해 물질과 마력의 경계를 산업 체계로 바꾼다.,tier 1,,"장기 목표는 '룬 전력망과 비전 생산을 통합해 물질과 마력의 경계를 산업 체계로 바꾼다'이다. 달성 조건 3개, 영구 보상 1개, 후속 압력 1개로 완료 이후의 운영 변화를 규정한다. building:landmark:arcane-spire 건설을 목표의 물리적 증거로 요구한다.",ending-requirements-rewards-and-pressure,근거 확인,,active-authored,Assets/Resources/SO/Content/GameDomainContentCatalog.asset; Assets/Resources/SO/GameContentCatalog.asset,catalog-registered-static-consumer,Assets/Scripts/Services/Run/MilestonePressureApplicationAdapter.cs; Assets/Scripts/Services/Run/V20CampaignRuntime.cs,Assets/Scripts/Services/Run/V20CampaignRuntime.cs,0,,"장기 목표는 '룬 전력망과 비전 생산을 통합해 물질과 마력의 경계를 산업 체계로 바꾼다'이다. 달성 조건 3개, 영구 보상 1개, 후속 압력 1개로 완료 이후의 운영 변화를 규정한다. building:landmark:arcane-spire 건설을 목표의 물리적 증거로 요구한다.",EndingDefinitionSO 계열에서 조건·선택·결과를 통해 캠페인 상태 변화를 만든다.,작성 자산에서 직접 비용·위험 수치를 확인할 수 없음,event:EndingDefinitionSO:?,"비교 후보(대체 가능성 미검증): EndingDefinitionSO:ending:dungeon-sovereignty, EndingDefinitionSO:ending:eternal-lineage, EndingDefinitionSO:ending:monster-accord, EndingDefinitionSO:ending:sealed-paradise, EndingDefinitionSO:ending:steel-apotheosis, EndingDefinitionSO:ending:surface-hegemony, EndingDefinitionSO:ending:timeless-sanctuary, EndingDefinitionSO:ending:truth-revealed",정적 콘텐츠 역참조는 확인되지 않음; 런타임 직접 조회와 설계상 공백은 별도 검증 필요,ending-requirements-rewards-and-pressure; niche=event-type+requirements+effects; cost=type-contract,Assets/Resources/SO/V20/Milestones/Endings/ending_arcane-ascension.asset,e1cafd686d035ba45841e9dd4d75e31d,1,"{""characters"":[],""excludedFlags"":[],""facilities"":[],""factions"":[],""items"":[],""requiredFlags"":[""arcane:grid-integrated""],""research"":[{""researchNumericId"":7238}],""worldMetrics"":[{""kind"":6,""minimumValue"":100}]}","[{""amount"":2,""durationDays"":0,""kind"":17,""targetId"":""pressure:ending:arcane-ascension""}]",1,룬 전력망과 비전 생산을 통합해 물질과 마력의 경계를 산업 체계로 바꾼다.,비전 승천,building:landmark:arcane-spire,ending_arcane-ascension,"[{""amount"":1,""durationDays"":0,""kind"":12,""targetId"":""reward:ending:arcane-ascension""}]",1,V20 hand-authored non-terminal run milestone.,ending:arcane-ascension,1,RunMilestoneTier,Grand,explicit-serialized
events-campaign,EndingDefinitionSO,EndingDefinitionSO|ending:dungeon-sovereignty,ending:dungeon-sovereignty,던전 주권국,인구·경제·생산·방어 체계를 갖춘 독립 국가로서 던전을 선포한다.,tier 0,,"장기 목표는 '인구·경제·생산·방어 체계를 갖춘 독립 국가로서 던전을 선포한다'이다. 달성 조건 2개, 영구 보상 1개, 후속 압력 1개로 완료 이후의 운영 변화를 규정한다. building:landmark:sovereign-citadel 건설을 목표의 물리적 증거로 요구한다.",ending-requirements-rewards-and-pressure,근거 확인,,active-authored,Assets/Resources/SO/Content/GameDomainContentCatalog.asset; Assets/Resources/SO/GameContentCatalog.asset,catalog-registered-static-consumer,Assets/Scripts/Services/Run/MilestonePressureApplicationAdapter.cs; Assets/Scripts/Services/Run/V20CampaignRuntime.cs,Assets/Scripts/Services/Run/V20CampaignRuntime.cs,0,,"장기 목표는 '인구·경제·생산·방어 체계를 갖춘 독립 국가로서 던전을 선포한다'이다. 달성 조건 2개, 영구 보상 1개, 후속 압력 1개로 완료 이후의 운영 변화를 규정한다. building:landmark:sovereign-citadel 건설을 목표의 물리적 증거로 요구한다.",EndingDefinitionSO 계열에서 조건·선택·결과를 통해 캠페인 상태 변화를 만든다.,작성 자산에서 직접 비용·위험 수치를 확인할 수 없음,event:EndingDefinitionSO:?,"비교 후보(대체 가능성 미검증): EndingDefinitionSO:ending:arcane-ascension, EndingDefinitionSO:ending:eternal-lineage, EndingDefinitionSO:ending:monster-accord, EndingDefinitionSO:ending:sealed-paradise, EndingDefinitionSO:ending:steel-apotheosis, EndingDefinitionSO:ending:surface-hegemony, EndingDefinitionSO:ending:timeless-sanctuary, EndingDefinitionSO:ending:truth-revealed",정적 콘텐츠 역참조는 확인되지 않음; 런타임 직접 조회와 설계상 공백은 별도 검증 필요,ending-requirements-rewards-and-pressure; niche=event-type+requirements+effects; cost=type-contract,Assets/Resources/SO/V20/Milestones/Endings/ending_dungeon-sovereignty.asset,4bbea328cc96769418babf7cd1315755,1,"{""characters"":[],""excludedFlags"":[],""facilities"":[],""factions"":[],""items"":[],""requiredFlags"":[""economy:sovereign-ready""],""research"":[],""worldMetrics"":[{""kind"":4,""minimumValue"":80}]}","[{""amount"":1,""durationDays"":0,""kind"":17,""targetId"":""pressure:ending:dungeon-sovereignty""}]",1,인구·경제·생산·방어 체계를 갖춘 독립 국가로서 던전을 선포한다.,던전 주권국,building:landmark:sovereign-citadel,ending_dungeon-sovereignty,"[{""amount"":1,""durationDays"":0,""kind"":12,""targetId"":""reward:ending:dungeon-sovereignty""}]",1,V20 hand-authored non-terminal run milestone.,ending:dungeon-sovereignty,0,RunMilestoneTier,Legacy,explicit-serialized
events-campaign,EndingDefinitionSO,EndingDefinitionSO|ending:eternal-lineage,ending:eternal-lineage,영원한 계보,세 세대가 직업과 장비 계보를 이어 던전의 살아 있는 역사를 만든다.,tier 1,,"장기 목표는 '세 세대가 직업과 장비 계보를 이어 던전의 살아 있는 역사를 만든다'이다. 달성 조건 3개, 영구 보상 1개, 후속 압력 1개로 완료 이후의 운영 변화를 규정한다. building:landmark:lineage-vault 건설을 목표의 물리적 증거로 요구한다.",ending-requirements-rewards-and-pressure,근거 확인,,active-authored,Assets/Resources/SO/Content/GameDomainContentCatalog.asset; Assets/Resources/SO/GameContentCatalog.asset,catalog-registered-static-consumer,Assets/Scripts/Services/Run/MilestonePressureApplicationAdapter.cs; Assets/Scripts/Services/Run/V20CampaignRuntime.cs,Assets/Scripts/Services/Run/V20CampaignRuntime.cs,0,,"장기 목표는 '세 세대가 직업과 장비 계보를 이어 던전의 살아 있는 역사를 만든다'이다. 달성 조건 3개, 영구 보상 1개, 후속 압력 1개로 완료 이후의 운영 변화를 규정한다. building:landmark:lineage-vault 건설을 목표의 물리적 증거로 요구한다.",EndingDefinitionSO 계열에서 조건·선택·결과를 통해 캠페인 상태 변화를 만든다.,작성 자산에서 직접 비용·위험 수치를 확인할 수 없음,event:EndingDefinitionSO:?,"비교 후보(대체 가능성 미검증): EndingDefinitionSO:ending:arcane-ascension, EndingDefinitionSO:ending:dungeon-sovereignty, EndingDefinitionSO:ending:monster-accord, EndingDefinitionSO:ending:sealed-paradise, EndingDefinitionSO:ending:steel-apotheosis, EndingDefinitionSO:ending:surface-hegemony, EndingDefinitionSO:ending:timeless-sanctuary, EndingDefinitionSO:ending:truth-revealed",정적 콘텐츠 역참조는 확인되지 않음; 런타임 직접 조회와 설계상 공백은 별도 검증 필요,ending-requirements-rewards-and-pressure; niche=event-type+requirements+effects; cost=type-contract,Assets/Resources/SO/V20/Milestones/Endings/ending_eternal-lineage.asset,050b3f1b153ccb14e9c74cf25cda9b51,1,"{""characters"":[],""excludedFlags"":[],""facilities"":[],""factions"":[],""items"":[],""requiredFlags"":[""lineage:three-generations""],""research"":[{""researchNumericId"":7240}],""worldMetrics"":[{""kind"":8,""minimumValue"":3}]}","[{""amount"":2,""durationDays"":0,""kind"":17,""targetId"":""pressure:ending:eternal-lineage""}]",1,세 세대가 직업과 장비 계보를 이어 던전의 살아 있는 역사를 만든다.,영원한 계보,building:landmark:lineage-vault,ending_eternal-lineage,"[{""amount"":1,""durationDays"":0,""kind"":12,""targetId"":""reward:ending:eternal-lineage""}]",1,V20 hand-authored non-terminal run milestone.,ending:eternal-lineage,1,RunMilestoneTier,Grand,explicit-serialized
events-campaign,EndingDefinitionSO,EndingDefinitionSO|ending:monster-accord,ending:monster-accord,괴물 대협약,여섯 던전 세력의 이해관계를 조정해 상호 방위 협약을 성립시킨다.,tier 0,,"장기 목표는 '여섯 던전 세력의 이해관계를 조정해 상호 방위 협약을 성립시킨다'이다. 달성 조건 2개, 영구 보상 1개, 후속 압력 1개로 완료 이후의 운영 변화를 규정한다. building:landmark:accord-hall 건설을 목표의 물리적 증거로 요구한다.",ending-requirements-rewards-and-pressure,근거 확인,,active-authored,Assets/Resources/SO/Content/GameDomainContentCatalog.asset; Assets/Resources/SO/GameContentCatalog.asset,catalog-registered-static-consumer,Assets/Scripts/Services/Run/MilestonePressureApplicationAdapter.cs; Assets/Scripts/Services/Run/V20CampaignRuntime.cs,Assets/Scripts/Services/Run/V20CampaignRuntime.cs,0,,"장기 목표는 '여섯 던전 세력의 이해관계를 조정해 상호 방위 협약을 성립시킨다'이다. 달성 조건 2개, 영구 보상 1개, 후속 압력 1개로 완료 이후의 운영 변화를 규정한다. building:landmark:accord-hall 건설을 목표의 물리적 증거로 요구한다.",EndingDefinitionSO 계열에서 조건·선택·결과를 통해 캠페인 상태 변화를 만든다.,작성 자산에서 직접 비용·위험 수치를 확인할 수 없음,event:EndingDefinitionSO:?,"비교 후보(대체 가능성 미검증): EndingDefinitionSO:ending:arcane-ascension, EndingDefinitionSO:ending:dungeon-sovereignty, EndingDefinitionSO:ending:eternal-lineage, EndingDefinitionSO:ending:sealed-paradise, EndingDefinitionSO:ending:steel-apotheosis, EndingDefinitionSO:ending:surface-hegemony, EndingDefinitionSO:ending:timeless-sanctuary, EndingDefinitionSO:ending:truth-revealed",정적 콘텐츠 역참조는 확인되지 않음; 런타임 직접 조회와 설계상 공백은 별도 검증 필요,ending-requirements-rewards-and-pressure; niche=event-type+requirements+effects; cost=type-contract,Assets/Resources/SO/V20/Milestones/Endings/ending_monster-accord.asset,7fb7f6a1b95e379458206e4f442c0db5,1,"{""characters"":[],""excludedFlags"":[],""facilities"":[],""factions"":[],""items"":[],""requiredFlags"":[""faction:all-six-allied""],""research"":[],""worldMetrics"":[{""kind"":1,""minimumValue"":40}]}","[{""amount"":1,""durationDays"":0,""kind"":17,""targetId"":""pressure:ending:monster-accord""}]",1,여섯 던전 세력의 이해관계를 조정해 상호 방위 협약을 성립시킨다.,괴물 대협약,building:landmark:accord-hall,ending_monster-accord,"[{""amount"":1,""durationDays"":0,""kind"":12,""targetId"":""reward:ending:monster-accord""}]",1,V20 hand-authored non-terminal run milestone.,ending:monster-accord,0,RunMilestoneTier,Legacy,explicit-serialized
events-campaign,EndingDefinitionSO,EndingDefinitionSO|ending:sealed-paradise,ending:sealed-paradise,봉인된 낙원,외부 조달 없이 주민과 생산 시설을 장기간 유지하는 폐쇄 생태계를 완성한다.,tier 0,,"장기 목표는 '외부 조달 없이 주민과 생산 시설을 장기간 유지하는 폐쇄 생태계를 완성한다'이다. 달성 조건 3개, 영구 보상 1개, 후속 압력 1개로 완료 이후의 운영 변화를 규정한다. building:landmark:sealed-garden 건설을 목표의 물리적 증거로 요구한다.",ending-requirements-rewards-and-pressure,근거 확인,,active-authored,Assets/Resources/SO/Content/GameDomainContentCatalog.asset; Assets/Resources/SO/GameContentCatalog.asset,catalog-registered-static-consumer,Assets/Scripts/Services/Run/MilestonePressureApplicationAdapter.cs; Assets/Scripts/Services/Run/V20CampaignRuntime.cs,Assets/Scripts/Services/Run/V20CampaignRuntime.cs,0,,"장기 목표는 '외부 조달 없이 주민과 생산 시설을 장기간 유지하는 폐쇄 생태계를 완성한다'이다. 달성 조건 3개, 영구 보상 1개, 후속 압력 1개로 완료 이후의 운영 변화를 규정한다. building:landmark:sealed-garden 건설을 목표의 물리적 증거로 요구한다.",EndingDefinitionSO 계열에서 조건·선택·결과를 통해 캠페인 상태 변화를 만든다.,작성 자산에서 직접 비용·위험 수치를 확인할 수 없음,event:EndingDefinitionSO:?,"비교 후보(대체 가능성 미검증): EndingDefinitionSO:ending:arcane-ascension, EndingDefinitionSO:ending:dungeon-sovereignty, EndingDefinitionSO:ending:eternal-lineage, EndingDefinitionSO:ending:monster-accord, EndingDefinitionSO:ending:steel-apotheosis, EndingDefinitionSO:ending:surface-hegemony, EndingDefinitionSO:ending:timeless-sanctuary, EndingDefinitionSO:ending:truth-revealed",정적 콘텐츠 역참조는 확인되지 않음; 런타임 직접 조회와 설계상 공백은 별도 검증 필요,ending-requirements-rewards-and-pressure; niche=event-type+requirements+effects; cost=type-contract,Assets/Resources/SO/V20/Milestones/Endings/ending_sealed-paradise.asset,a119c363f56c59f429005e1f825237ab,1,"{""characters"":[],""excludedFlags"":[],""facilities"":[],""factions"":[],""items"":[],""requiredFlags"":[""ecology:closed-cycle""],""research"":[{""researchNumericId"":7255}],""worldMetrics"":[{""kind"":7,""minimumValue"":120}]}","[{""amount"":1,""durationDays"":0,""kind"":17,""targetId"":""pressure:ending:sealed-paradise""}]",1,외부 조달 없이 주민과 생산 시설을 장기간 유지하는 폐쇄 생태계를 완성한다.,봉인된 낙원,building:landmark:sealed-garden,ending_sealed-paradise,"[{""amount"":1,""durationDays"":0,""kind"":12,""targetId"":""reward:ending:sealed-paradise""}]",1,V20 hand-authored non-terminal run milestone.,ending:sealed-paradise,0,RunMilestoneTier,Legacy,explicit-serialized
events-campaign,EndingDefinitionSO,EndingDefinitionSO|ending:steel-apotheosis,ending:steel-apotheosis,강철 신격화,자동 생산·자가 정비·통합 방어가 사람의 개입 없이 순환하는 산업 신체를 완성한다.,tier 1,,"장기 목표는 '자동 생산·자가 정비·통합 방어가 사람의 개입 없이 순환하는 산업 신체를 완성한다'이다. 달성 조건 3개, 영구 보상 1개, 후속 압력 1개로 완료 이후의 운영 변화를 규정한다. building:landmark:steel-colossus 건설을 목표의 물리적 증거로 요구한다.",ending-requirements-rewards-and-pressure,근거 확인,,active-authored,Assets/Resources/SO/Content/GameDomainContentCatalog.asset; Assets/Resources/SO/GameContentCatalog.asset,catalog-registered-static-consumer,Assets/Scripts/Services/Run/MilestonePressureApplicationAdapter.cs; Assets/Scripts/Services/Run/V20CampaignRuntime.cs,Assets/Scripts/Services/Run/V20CampaignRuntime.cs,0,,"장기 목표는 '자동 생산·자가 정비·통합 방어가 사람의 개입 없이 순환하는 산업 신체를 완성한다'이다. 달성 조건 3개, 영구 보상 1개, 후속 압력 1개로 완료 이후의 운영 변화를 규정한다. building:landmark:steel-colossus 건설을 목표의 물리적 증거로 요구한다.",EndingDefinitionSO 계열에서 조건·선택·결과를 통해 캠페인 상태 변화를 만든다.,작성 자산에서 직접 비용·위험 수치를 확인할 수 없음,event:EndingDefinitionSO:?,"비교 후보(대체 가능성 미검증): EndingDefinitionSO:ending:arcane-ascension, EndingDefinitionSO:ending:dungeon-sovereignty, EndingDefinitionSO:ending:eternal-lineage, EndingDefinitionSO:ending:monster-accord, EndingDefinitionSO:ending:sealed-paradise, EndingDefinitionSO:ending:surface-hegemony, EndingDefinitionSO:ending:timeless-sanctuary, EndingDefinitionSO:ending:truth-revealed",정적 콘텐츠 역참조는 확인되지 않음; 런타임 직접 조회와 설계상 공백은 별도 검증 필요,ending-requirements-rewards-and-pressure; niche=event-type+requirements+effects; cost=type-contract,Assets/Resources/SO/V20/Milestones/Endings/ending_steel-apotheosis.asset,2daa42c957ecc2c4da2b0dddeac8a299,1,"{""characters"":[],""excludedFlags"":[],""facilities"":[],""factions"":[],""items"":[],""requiredFlags"":[""industry:self-maintaining""],""research"":[{""researchNumericId"":7244}],""worldMetrics"":[{""kind"":5,""minimumValue"":100}]}","[{""amount"":2,""durationDays"":0,""kind"":17,""targetId"":""pressure:ending:steel-apotheosis""}]",1,자동 생산·자가 정비·통합 방어가 사람의 개입 없이 순환하는 산업 신체를 완성한다.,강철 신격화,building:landmark:steel-colossus,ending_steel-apotheosis,"[{""amount"":1,""durationDays"":0,""kind"":12,""targetId"":""reward:ending:steel-apotheosis""}]",1,V20 hand-authored non-terminal run milestone.,ending:steel-apotheosis,1,RunMilestoneTier,Grand,explicit-serialized
events-campaign,EndingDefinitionSO,EndingDefinitionSO|ending:surface-hegemony,ending:surface-hegemony,지상 패권,인간 다섯 전쟁 계통의 핵심 전력을 무너뜨리고 지상 진입로를 장악한다.,tier 0,,"장기 목표는 '인간 다섯 전쟁 계통의 핵심 전력을 무너뜨리고 지상 진입로를 장악한다'이다. 달성 조건 2개, 영구 보상 1개, 후속 압력 1개로 완료 이후의 운영 변화를 규정한다. building:landmark:surface-gate 건설을 목표의 물리적 증거로 요구한다.",ending-requirements-rewards-and-pressure,근거 확인,,active-authored,Assets/Resources/SO/Content/GameDomainContentCatalog.asset; Assets/Resources/SO/GameContentCatalog.asset,catalog-registered-static-consumer,Assets/Scripts/Services/Run/MilestonePressureApplicationAdapter.cs; Assets/Scripts/Services/Run/V20CampaignRuntime.cs,Assets/Scripts/Services/Run/V20CampaignRuntime.cs,0,,"장기 목표는 '인간 다섯 전쟁 계통의 핵심 전력을 무너뜨리고 지상 진입로를 장악한다'이다. 달성 조건 2개, 영구 보상 1개, 후속 압력 1개로 완료 이후의 운영 변화를 규정한다. building:landmark:surface-gate 건설을 목표의 물리적 증거로 요구한다.",EndingDefinitionSO 계열에서 조건·선택·결과를 통해 캠페인 상태 변화를 만든다.,작성 자산에서 직접 비용·위험 수치를 확인할 수 없음,event:EndingDefinitionSO:?,"비교 후보(대체 가능성 미검증): EndingDefinitionSO:ending:arcane-ascension, EndingDefinitionSO:ending:dungeon-sovereignty, EndingDefinitionSO:ending:eternal-lineage, EndingDefinitionSO:ending:monster-accord, EndingDefinitionSO:ending:sealed-paradise, EndingDefinitionSO:ending:steel-apotheosis, EndingDefinitionSO:ending:timeless-sanctuary, EndingDefinitionSO:ending:truth-revealed",정적 콘텐츠 역참조는 확인되지 않음; 런타임 직접 조회와 설계상 공백은 별도 검증 필요,ending-requirements-rewards-and-pressure; niche=event-type+requirements+effects; cost=type-contract,Assets/Resources/SO/V20/Milestones/Endings/ending_surface-hegemony.asset,d491c28c782a7bc4b8ee338592f7de01,1,"{""characters"":[],""excludedFlags"":[],""facilities"":[],""factions"":[],""items"":[],""requiredFlags"":[""offense:surface-command-broken""],""research"":[],""worldMetrics"":[{""kind"":9,""minimumValue"":5}]}","[{""amount"":1,""durationDays"":0,""kind"":17,""targetId"":""pressure:ending:surface-hegemony""}]",1,인간 다섯 전쟁 계통의 핵심 전력을 무너뜨리고 지상 진입로를 장악한다.,지상 패권,building:landmark:surface-gate,ending_surface-hegemony,"[{""amount"":1,""durationDays"":0,""kind"":12,""targetId"":""reward:ending:surface-hegemony""}]",1,V20 hand-authored non-terminal run milestone.,ending:surface-hegemony,0,RunMilestoneTier,Legacy,explicit-serialized
events-campaign,EndingDefinitionSO,EndingDefinitionSO|ending:timeless-sanctuary,ending:timeless-sanctuary,시간 없는 성역,실제 인구가 거주하는 시간 고정망을 장기 가동해 노화 없는 구역을 유지한다.,tier 1,,"장기 목표는 '실제 인구가 거주하는 시간 고정망을 장기 가동해 노화 없는 구역을 유지한다'이다. 달성 조건 3개, 영구 보상 1개, 후속 압력 1개로 완료 이후의 운영 변화를 규정한다. building:landmark:temporal-sanctum 건설을 목표의 물리적 증거로 요구한다.",ending-requirements-rewards-and-pressure,근거 확인,,active-authored,Assets/Resources/SO/Content/GameDomainContentCatalog.asset; Assets/Resources/SO/GameContentCatalog.asset,catalog-registered-static-consumer,Assets/Scripts/Services/Run/MilestonePressureApplicationAdapter.cs; Assets/Scripts/Services/Run/V20CampaignRuntime.cs,Assets/Scripts/Services/Run/V20CampaignRuntime.cs,0,,"장기 목표는 '실제 인구가 거주하는 시간 고정망을 장기 가동해 노화 없는 구역을 유지한다'이다. 달성 조건 3개, 영구 보상 1개, 후속 압력 1개로 완료 이후의 운영 변화를 규정한다. building:landmark:temporal-sanctum 건설을 목표의 물리적 증거로 요구한다.",EndingDefinitionSO 계열에서 조건·선택·결과를 통해 캠페인 상태 변화를 만든다.,작성 자산에서 직접 비용·위험 수치를 확인할 수 없음,event:EndingDefinitionSO:?,"비교 후보(대체 가능성 미검증): EndingDefinitionSO:ending:arcane-ascension, EndingDefinitionSO:ending:dungeon-sovereignty, EndingDefinitionSO:ending:eternal-lineage, EndingDefinitionSO:ending:monster-accord, EndingDefinitionSO:ending:sealed-paradise, EndingDefinitionSO:ending:steel-apotheosis, EndingDefinitionSO:ending:surface-hegemony, EndingDefinitionSO:ending:truth-revealed",정적 콘텐츠 역참조는 확인되지 않음; 런타임 직접 조회와 설계상 공백은 별도 검증 필요,ending-requirements-rewards-and-pressure; niche=event-type+requirements+effects; cost=type-contract,Assets/Resources/SO/V20/Milestones/Endings/ending_timeless-sanctuary.asset,8210193df2875914987b7af44052c6f0,1,"{""characters"":[],""excludedFlags"":[],""facilities"":[],""factions"":[],""items"":[],""requiredFlags"":[""temporal:population-sustained""],""research"":[{""researchNumericId"":7271}],""worldMetrics"":[{""kind"":1,""minimumValue"":60}]}","[{""amount"":2,""durationDays"":0,""kind"":17,""targetId"":""pressure:ending:timeless-sanctuary""}]",1,실제 인구가 거주하는 시간 고정망을 장기 가동해 노화 없는 구역을 유지한다.,시간 없는 성역,building:landmark:temporal-sanctum,ending_timeless-sanctuary,"[{""amount"":1,""durationDays"":0,""kind"":12,""targetId"":""reward:ending:timeless-sanctuary""}]",1,V20 hand-authored non-terminal run milestone.,ending:timeless-sanctuary,1,RunMilestoneTier,Grand,explicit-serialized
events-campaign,EndingDefinitionSO,EndingDefinitionSO|ending:truth-revealed,ending:truth-revealed,진실의 폭로,진실 코어와 원정 기록을 결합해 던전의 기원을 세계에 증명한다.,tier 0,,"장기 목표는 '진실 코어와 원정 기록을 결합해 던전의 기원을 세계에 증명한다'이다. 달성 조건 2개, 영구 보상 1개, 후속 압력 1개로 완료 이후의 운영 변화를 규정한다. building:landmark:truth-observatory 건설을 목표의 물리적 증거로 요구한다.",ending-requirements-rewards-and-pressure,근거 확인,,active-authored,Assets/Resources/SO/Content/GameDomainContentCatalog.asset; Assets/Resources/SO/GameContentCatalog.asset,catalog-registered-static-consumer,Assets/Scripts/Services/Run/MilestonePressureApplicationAdapter.cs; Assets/Scripts/Services/Run/V20CampaignRuntime.cs,Assets/Scripts/Services/Run/V20CampaignRuntime.cs,0,,"장기 목표는 '진실 코어와 원정 기록을 결합해 던전의 기원을 세계에 증명한다'이다. 달성 조건 2개, 영구 보상 1개, 후속 압력 1개로 완료 이후의 운영 변화를 규정한다. building:landmark:truth-observatory 건설을 목표의 물리적 증거로 요구한다.",EndingDefinitionSO 계열에서 조건·선택·결과를 통해 캠페인 상태 변화를 만든다.,작성 자산에서 직접 비용·위험 수치를 확인할 수 없음,event:EndingDefinitionSO:?,"비교 후보(대체 가능성 미검증): EndingDefinitionSO:ending:arcane-ascension, EndingDefinitionSO:ending:dungeon-sovereignty, EndingDefinitionSO:ending:eternal-lineage, EndingDefinitionSO:ending:monster-accord, EndingDefinitionSO:ending:sealed-paradise, EndingDefinitionSO:ending:steel-apotheosis, EndingDefinitionSO:ending:surface-hegemony, EndingDefinitionSO:ending:timeless-sanctuary",정적 콘텐츠 역참조는 확인되지 않음; 런타임 직접 조회와 설계상 공백은 별도 검증 필요,ending-requirements-rewards-and-pressure; niche=event-type+requirements+effects; cost=type-contract,Assets/Resources/SO/V20/Milestones/Endings/ending_truth-revealed.asset,9183104c00531934d976c54bc6d6d2b8,1,"{""characters"":[],""excludedFlags"":[],""facilities"":[],""factions"":[],""items"":[],""requiredFlags"":[""story:truth-core-secured""],""research"":[],""worldMetrics"":[{""kind"":9,""minimumValue"":1}]}","[{""amount"":1,""durationDays"":0,""kind"":17,""targetId"":""pressure:ending:truth-revealed""}]",1,진실 코어와 원정 기록을 결합해 던전의 기원을 세계에 증명한다.,진실의 폭로,building:landmark:truth-observatory,ending_truth-revealed,"[{""amount"":1,""durationDays"":0,""kind"":12,""targetId"":""reward:ending:truth-revealed""}]",1,V20 hand-authored non-terminal run milestone.,ending:truth-revealed,0,RunMilestoneTier,Legacy,explicit-serialized
