group,content_type,record_key,stable_id,display_name,description,mechanics,relations,existence_reason,reason_basis,review_status,review_reason,lifecycle_status,catalog_memberships,runtime_status,runtime_evidence,save_evidence,incoming_reference_count,incoming_source_types,system_role,strategic_niche,costs_and_risks,comparison_group,alternative_candidates,removal_impact,rationale_evidence,source_path,asset_guid,authored__description,authored__displayName,authored__historyId,authored__m_Name,authored__primaryBaseExperience,authored__primaryProficiencyId,authored__proficiencyBonuses,authored__proficiencyBonuses__count,authored__secondaryBaseExperience,authored__secondaryProficiencyId
characters-traits,CharacterStartingHistorySO,CharacterStartingHistorySO|history:caravan-broker,history:caravan-broker,상단 중개인,상단 중개인으로 일하며 주전문과 부전문을 익혔다.,작성 자산 정의,,작성 목적은 '상단 중개인으로 일하며 주전문과 부전문을 익혔다'이다.,description-and-relations,근거 확인,,active-authored,Assets/Resources/SO/Content/GameDomainContentCatalog.asset; Assets/Resources/SO/GameContentCatalog.asset,catalog-registered-static-consumer,Assets/Scripts/Models/Characters/CharacterStartingProfileDomain.cs; Assets/Scripts/Services/Character/Core/StartPartyPreparationService.cs,Assets/Scripts/Services/Character/Core/StartPartyPreparationService.cs,0,,작성 목적은 '상단 중개인으로 일하며 주전문과 부전문을 익혔다'이다.,인물·특성 영역의 CharacterStartingHistorySO 규칙을 분리해 재사용한다.,작성 자산에서 직접 비용·위험 수치를 확인할 수 없음,CharacterStartingHistorySO,"비교 후보(대체 가능성 미검증): CharacterStartingHistorySO:history:cook, CharacterStartingHistorySO:history:field-medic, CharacterStartingHistorySO:history:frontier-farmer, CharacterStartingHistorySO:history:garrison-guard, CharacterStartingHistorySO:history:mason, CharacterStartingHistorySO:history:records-clerk, CharacterStartingHistorySO:history:scout, CharacterStartingHistorySO:history:workshop-artisan",정적 콘텐츠 역참조는 확인되지 않음; 런타임 직접 조회와 설계상 공백은 별도 검증 필요,description-and-relations; niche=type-contract; cost=type-contract,Assets/Resources/SO/Character/StartingProfiles/Histories/StartingHistory_caravan-broker.asset,95a116f16d9ff5342b05db3d6d1a2887,상단 중개인으로 일하며 주전문과 부전문을 익혔다.,상단 중개인,history:caravan-broker,StartingHistory_caravan-broker,45,proficiency:social,[],0,25,proficiency:food-production
characters-traits,CharacterStartingHistorySO,CharacterStartingHistorySO|history:cook,history:cook,조리 담당,조리 담당으로 일하며 주전문과 부전문을 익혔다.,작성 자산 정의,,작성 목적은 '조리 담당으로 일하며 주전문과 부전문을 익혔다'이다.,description-and-relations,근거 확인,,active-authored,Assets/Resources/SO/Content/GameDomainContentCatalog.asset; Assets/Resources/SO/GameContentCatalog.asset,catalog-registered-static-consumer,Assets/Scripts/Models/Characters/CharacterStartingProfileDomain.cs; Assets/Scripts/Services/Character/Core/StartPartyPreparationService.cs,Assets/Scripts/Services/Character/Core/StartPartyPreparationService.cs,0,,작성 목적은 '조리 담당으로 일하며 주전문과 부전문을 익혔다'이다.,인물·특성 영역의 CharacterStartingHistorySO 규칙을 분리해 재사용한다.,작성 자산에서 직접 비용·위험 수치를 확인할 수 없음,CharacterStartingHistorySO,"비교 후보(대체 가능성 미검증): CharacterStartingHistorySO:history:caravan-broker, CharacterStartingHistorySO:history:field-medic, CharacterStartingHistorySO:history:frontier-farmer, CharacterStartingHistorySO:history:garrison-guard, CharacterStartingHistorySO:history:mason, CharacterStartingHistorySO:history:records-clerk, CharacterStartingHistorySO:history:scout, CharacterStartingHistorySO:history:workshop-artisan",정적 콘텐츠 역참조는 확인되지 않음; 런타임 직접 조회와 설계상 공백은 별도 검증 필요,description-and-relations; niche=type-contract; cost=type-contract,Assets/Resources/SO/Character/StartingProfiles/Histories/StartingHistory_cook.asset,8f198ac03015d1942bce353057a8e572,조리 담당으로 일하며 주전문과 부전문을 익혔다.,조리 담당,history:cook,StartingHistory_cook,45,proficiency:food-production,[],0,25,proficiency:fieldwork
characters-traits,CharacterStartingHistorySO,CharacterStartingHistorySO|history:field-medic,history:field-medic,야전 치료사,야전 치료사으로 일하며 주전문과 부전문을 익혔다.,작성 자산 정의,,작성 목적은 '야전 치료사으로 일하며 주전문과 부전문을 익혔다'이다.,description-and-relations,근거 확인,,active-authored,Assets/Resources/SO/Content/GameDomainContentCatalog.asset; Assets/Resources/SO/GameContentCatalog.asset,catalog-registered-static-consumer,Assets/Scripts/Models/Characters/CharacterStartingProfileDomain.cs; Assets/Scripts/Services/Character/Core/StartPartyPreparationService.cs,Assets/Scripts/Services/Character/Core/StartPartyPreparationService.cs,0,,작성 목적은 '야전 치료사으로 일하며 주전문과 부전문을 익혔다'이다.,인물·특성 영역의 CharacterStartingHistorySO 규칙을 분리해 재사용한다.,작성 자산에서 직접 비용·위험 수치를 확인할 수 없음,CharacterStartingHistorySO,"비교 후보(대체 가능성 미검증): CharacterStartingHistorySO:history:caravan-broker, CharacterStartingHistorySO:history:cook, CharacterStartingHistorySO:history:frontier-farmer, CharacterStartingHistorySO:history:garrison-guard, CharacterStartingHistorySO:history:mason, CharacterStartingHistorySO:history:records-clerk, CharacterStartingHistorySO:history:scout, CharacterStartingHistorySO:history:workshop-artisan",정적 콘텐츠 역참조는 확인되지 않음; 런타임 직접 조회와 설계상 공백은 별도 검증 필요,description-and-relations; niche=type-contract; cost=type-contract,Assets/Resources/SO/Character/StartingProfiles/Histories/StartingHistory_field-medic.asset,0e73d418303af09438c5a81e55e086e6,야전 치료사으로 일하며 주전문과 부전문을 익혔다.,야전 치료사,history:field-medic,StartingHistory_field-medic,45,proficiency:medicine,[],0,25,proficiency:scholarship
characters-traits,CharacterStartingHistorySO,CharacterStartingHistorySO|history:frontier-farmer,history:frontier-farmer,개척 농부,개척 농부으로 일하며 주전문과 부전문을 익혔다.,작성 자산 정의,,작성 목적은 '개척 농부으로 일하며 주전문과 부전문을 익혔다'이다.,description-and-relations,근거 확인,,active-authored,Assets/Resources/SO/Content/GameDomainContentCatalog.asset; Assets/Resources/SO/GameContentCatalog.asset,catalog-registered-static-consumer,Assets/Scripts/Models/Characters/CharacterStartingProfileDomain.cs; Assets/Scripts/Services/Character/Core/StartPartyPreparationService.cs,Assets/Scripts/Services/Character/Core/StartPartyPreparationService.cs,0,,작성 목적은 '개척 농부으로 일하며 주전문과 부전문을 익혔다'이다.,인물·특성 영역의 CharacterStartingHistorySO 규칙을 분리해 재사용한다.,작성 자산에서 직접 비용·위험 수치를 확인할 수 없음,CharacterStartingHistorySO,"비교 후보(대체 가능성 미검증): CharacterStartingHistorySO:history:caravan-broker, CharacterStartingHistorySO:history:cook, CharacterStartingHistorySO:history:field-medic, CharacterStartingHistorySO:history:garrison-guard, CharacterStartingHistorySO:history:mason, CharacterStartingHistorySO:history:records-clerk, CharacterStartingHistorySO:history:scout, CharacterStartingHistorySO:history:workshop-artisan",정적 콘텐츠 역참조는 확인되지 않음; 런타임 직접 조회와 설계상 공백은 별도 검증 필요,description-and-relations; niche=type-contract; cost=type-contract,Assets/Resources/SO/Character/StartingProfiles/Histories/StartingHistory_frontier-farmer.asset,2cbf54bfded0f5c40a31a3ed16ce1616,개척 농부으로 일하며 주전문과 부전문을 익혔다.,개척 농부,history:frontier-farmer,StartingHistory_frontier-farmer,45,proficiency:fieldwork,[],0,25,proficiency:construction-engineering
characters-traits,CharacterStartingHistorySO,CharacterStartingHistorySO|history:garrison-guard,history:garrison-guard,수비대원,수비대원으로 일하며 주전문과 부전문을 익혔다.,작성 자산 정의,,작성 목적은 '수비대원으로 일하며 주전문과 부전문을 익혔다'이다.,description-and-relations,근거 확인,,active-authored,Assets/Resources/SO/Content/GameDomainContentCatalog.asset; Assets/Resources/SO/GameContentCatalog.asset,catalog-registered-static-consumer,Assets/Scripts/Models/Characters/CharacterStartingProfileDomain.cs; Assets/Scripts/Services/Character/Core/StartPartyPreparationService.cs,Assets/Scripts/Services/Character/Core/StartPartyPreparationService.cs,0,,작성 목적은 '수비대원으로 일하며 주전문과 부전문을 익혔다'이다.,인물·특성 영역의 CharacterStartingHistorySO 규칙을 분리해 재사용한다.,작성 자산에서 직접 비용·위험 수치를 확인할 수 없음,CharacterStartingHistorySO,"비교 후보(대체 가능성 미검증): CharacterStartingHistorySO:history:caravan-broker, CharacterStartingHistorySO:history:cook, CharacterStartingHistorySO:history:field-medic, CharacterStartingHistorySO:history:frontier-farmer, CharacterStartingHistorySO:history:mason, CharacterStartingHistorySO:history:records-clerk, CharacterStartingHistorySO:history:scout, CharacterStartingHistorySO:history:workshop-artisan",정적 콘텐츠 역참조는 확인되지 않음; 런타임 직접 조회와 설계상 공백은 별도 검증 필요,description-and-relations; niche=type-contract; cost=type-contract,Assets/Resources/SO/Character/StartingProfiles/Histories/StartingHistory_garrison-guard.asset,67a0c4503286ad4429e5d4be54f17fe2,수비대원으로 일하며 주전문과 부전문을 익혔다.,수비대원,history:garrison-guard,StartingHistory_garrison-guard,45,proficiency:melee-combat,[],0,25,proficiency:construction-engineering
characters-traits,CharacterStartingHistorySO,CharacterStartingHistorySO|history:mason,history:mason,석공,석공으로 일하며 주전문과 부전문을 익혔다.,작성 자산 정의,,작성 목적은 '석공으로 일하며 주전문과 부전문을 익혔다'이다.,description-and-relations,근거 확인,,active-authored,Assets/Resources/SO/Content/GameDomainContentCatalog.asset; Assets/Resources/SO/GameContentCatalog.asset,catalog-registered-static-consumer,Assets/Scripts/Models/Characters/CharacterStartingProfileDomain.cs; Assets/Scripts/Services/Character/Core/StartPartyPreparationService.cs,Assets/Scripts/Services/Character/Core/StartPartyPreparationService.cs,0,,작성 목적은 '석공으로 일하며 주전문과 부전문을 익혔다'이다.,인물·특성 영역의 CharacterStartingHistorySO 규칙을 분리해 재사용한다.,작성 자산에서 직접 비용·위험 수치를 확인할 수 없음,CharacterStartingHistorySO,"비교 후보(대체 가능성 미검증): CharacterStartingHistorySO:history:caravan-broker, CharacterStartingHistorySO:history:cook, CharacterStartingHistorySO:history:field-medic, CharacterStartingHistorySO:history:frontier-farmer, CharacterStartingHistorySO:history:garrison-guard, CharacterStartingHistorySO:history:records-clerk, CharacterStartingHistorySO:history:scout, CharacterStartingHistorySO:history:workshop-artisan",정적 콘텐츠 역참조는 확인되지 않음; 런타임 직접 조회와 설계상 공백은 별도 검증 필요,description-and-relations; niche=type-contract; cost=type-contract,Assets/Resources/SO/Character/StartingProfiles/Histories/StartingHistory_mason.asset,03c1ac34e57e65b4bb6bc83c59a63ab6,석공으로 일하며 주전문과 부전문을 익혔다.,석공,history:mason,StartingHistory_mason,45,proficiency:construction-engineering,[],0,25,proficiency:crafting
characters-traits,CharacterStartingHistorySO,CharacterStartingHistorySO|history:records-clerk,history:records-clerk,기록 서기,기록 서기으로 일하며 주전문과 부전문을 익혔다.,작성 자산 정의,,작성 목적은 '기록 서기으로 일하며 주전문과 부전문을 익혔다'이다.,description-and-relations,근거 확인,,active-authored,Assets/Resources/SO/Content/GameDomainContentCatalog.asset; Assets/Resources/SO/GameContentCatalog.asset,catalog-registered-static-consumer,Assets/Scripts/Models/Characters/CharacterStartingProfileDomain.cs; Assets/Scripts/Services/Character/Core/StartPartyPreparationService.cs,Assets/Scripts/Services/Character/Core/StartPartyPreparationService.cs,0,,작성 목적은 '기록 서기으로 일하며 주전문과 부전문을 익혔다'이다.,인물·특성 영역의 CharacterStartingHistorySO 규칙을 분리해 재사용한다.,작성 자산에서 직접 비용·위험 수치를 확인할 수 없음,CharacterStartingHistorySO,"비교 후보(대체 가능성 미검증): CharacterStartingHistorySO:history:caravan-broker, CharacterStartingHistorySO:history:cook, CharacterStartingHistorySO:history:field-medic, CharacterStartingHistorySO:history:frontier-farmer, CharacterStartingHistorySO:history:garrison-guard, CharacterStartingHistorySO:history:mason, CharacterStartingHistorySO:history:scout, CharacterStartingHistorySO:history:workshop-artisan",정적 콘텐츠 역참조는 확인되지 않음; 런타임 직접 조회와 설계상 공백은 별도 검증 필요,description-and-relations; niche=type-contract; cost=type-contract,Assets/Resources/SO/Character/StartingProfiles/Histories/StartingHistory_records-clerk.asset,554aebb16019f7043b9fc097d54161a4,기록 서기으로 일하며 주전문과 부전문을 익혔다.,기록 서기,history:records-clerk,StartingHistory_records-clerk,45,proficiency:scholarship,[],0,25,proficiency:social
characters-traits,CharacterStartingHistorySO,CharacterStartingHistorySO|history:scout,history:scout,정찰수,정찰수으로 일하며 주전문과 부전문을 익혔다.,작성 자산 정의,,작성 목적은 '정찰수으로 일하며 주전문과 부전문을 익혔다'이다.,description-and-relations,근거 확인,,active-authored,Assets/Resources/SO/Content/GameDomainContentCatalog.asset; Assets/Resources/SO/GameContentCatalog.asset,catalog-registered-static-consumer,Assets/Scripts/Models/Characters/CharacterStartingProfileDomain.cs; Assets/Scripts/Services/Character/Core/StartPartyPreparationService.cs,Assets/Scripts/Services/Character/Core/StartPartyPreparationService.cs,0,,작성 목적은 '정찰수으로 일하며 주전문과 부전문을 익혔다'이다.,인물·특성 영역의 CharacterStartingHistorySO 규칙을 분리해 재사용한다.,작성 자산에서 직접 비용·위험 수치를 확인할 수 없음,CharacterStartingHistorySO,"비교 후보(대체 가능성 미검증): CharacterStartingHistorySO:history:caravan-broker, CharacterStartingHistorySO:history:cook, CharacterStartingHistorySO:history:field-medic, CharacterStartingHistorySO:history:frontier-farmer, CharacterStartingHistorySO:history:garrison-guard, CharacterStartingHistorySO:history:mason, CharacterStartingHistorySO:history:records-clerk, CharacterStartingHistorySO:history:workshop-artisan",정적 콘텐츠 역참조는 확인되지 않음; 런타임 직접 조회와 설계상 공백은 별도 검증 필요,description-and-relations; niche=type-contract; cost=type-contract,Assets/Resources/SO/Character/StartingProfiles/Histories/StartingHistory_scout.asset,eb4d5b0da55c2cd4fa5fd771bfa727a6,정찰수으로 일하며 주전문과 부전문을 익혔다.,정찰수,history:scout,StartingHistory_scout,45,proficiency:ranged-combat,[],0,25,proficiency:fieldwork
characters-traits,CharacterStartingHistorySO,CharacterStartingHistorySO|history:workshop-artisan,history:workshop-artisan,공방 장인,공방 장인으로 일하며 주전문과 부전문을 익혔다.,작성 자산 정의,,작성 목적은 '공방 장인으로 일하며 주전문과 부전문을 익혔다'이다.,description-and-relations,근거 확인,,active-authored,Assets/Resources/SO/Content/GameDomainContentCatalog.asset; Assets/Resources/SO/GameContentCatalog.asset,catalog-registered-static-consumer,Assets/Scripts/Models/Characters/CharacterStartingProfileDomain.cs; Assets/Scripts/Services/Character/Core/StartPartyPreparationService.cs,Assets/Scripts/Services/Character/Core/StartPartyPreparationService.cs,0,,작성 목적은 '공방 장인으로 일하며 주전문과 부전문을 익혔다'이다.,인물·특성 영역의 CharacterStartingHistorySO 규칙을 분리해 재사용한다.,작성 자산에서 직접 비용·위험 수치를 확인할 수 없음,CharacterStartingHistorySO,"비교 후보(대체 가능성 미검증): CharacterStartingHistorySO:history:caravan-broker, CharacterStartingHistorySO:history:cook, CharacterStartingHistorySO:history:field-medic, CharacterStartingHistorySO:history:frontier-farmer, CharacterStartingHistorySO:history:garrison-guard, CharacterStartingHistorySO:history:mason, CharacterStartingHistorySO:history:records-clerk, CharacterStartingHistorySO:history:scout",정적 콘텐츠 역참조는 확인되지 않음; 런타임 직접 조회와 설계상 공백은 별도 검증 필요,description-and-relations; niche=type-contract; cost=type-contract,Assets/Resources/SO/Character/StartingProfiles/Histories/StartingHistory_workshop-artisan.asset,0295506df57b355498e53c43acdd3d39,공방 장인으로 일하며 주전문과 부전문을 익혔다.,공방 장인,history:workshop-artisan,StartingHistory_workshop-artisan,45,proficiency:crafting,[],0,25,proficiency:scholarship
