group,content_type,record_key,stable_id,display_name,description,mechanics,relations,existence_reason,reason_basis,review_status,review_reason,lifecycle_status,catalog_memberships,runtime_status,runtime_evidence,save_evidence,incoming_reference_count,incoming_source_types,system_role,strategic_niche,costs_and_risks,comparison_group,alternative_candidates,removal_impact,rationale_evidence,source_path,asset_guid,authored__additionalEnemyCount,authored__battlefieldModifierIds,authored__battlefieldModifierIds__count,authored__boss,authored__counterTags,authored__counterTags__count,authored__displayName,authored__elite,authored__encounterId,authored__enemies,authored__enemies__count,authored__enemyAccuracyMultiplier,authored__enemyDamageMultiplier,authored__enemyHealthMultiplier,authored__id,authored__m_Name,authored__maximumSiteStrength,authored__minimumSiteStrength,authored__objective,authored__objectiveControlResistanceMultiplier,authored__objectiveHealthMultiplier,authored__objectiveRoundLimit,authored__objectiveTargetId,authored__objective__enum,authored__objective__label,authored__objective__origin,authored__rewardItemIds,authored__rewardItemIds__count
combat-health-world,OffenseEncounterSO,OffenseEncounterSO|encounter:01,encounter:01,왕령 농지 징발,,작성 자산 정의,produces-or-unlocks:offense:unappraised-loot; references:battlefield:narrow-bridge,현장 강도 1~4에서 적 구성 2개와 전장 조건 1개를 조합한다. 대응 태그 2개와 보상 1개가 전투 준비와 수익의 관계를 만든다.,encounter-composition-counters-and-rewards,근거 확인,,active-authored,Assets/Resources/SO/Content/GameDomainContentCatalog.asset; Assets/Resources/SO/GameContentCatalog.asset,catalog-registered-static-consumer,Assets/Scripts/Models/Offense/Core/OffenseAuthoredContentPort.cs; Assets/Scripts/Services/Items/GameContentCatalog.cs; Assets/Scripts/Services/Offense/EnemyEncounterFactory.cs; Assets/Scripts/Services/Offense/EnemyIndividualRuntime.cs; Assets/Scripts/Services/Offense/Strategic/OffenseStrategicDefinitions.cs; Assets/Scripts/Services/Run/V20CampaignRuntime.cs,Assets/Scripts/Services/Offense/EnemyEncounterFactory.cs; Assets/Scripts/Services/Offense/EnemyIndividualRuntime.cs; Assets/Scripts/Services/Run/V20CampaignRuntime.cs,0,,현장 강도 1~4에서 적 구성 2개와 전장 조건 1개를 조합한다. 대응 태그 2개와 보상 1개가 전투 준비와 수익의 관계를 만든다.,전투·건강·세계 영역의 OffenseEncounterSO 규칙을 분리해 재사용한다.,작성 자산에서 직접 비용·위험 수치를 확인할 수 없음,OffenseEncounterSO,"비교 후보(대체 가능성 미검증): OffenseEncounterSO:encounter:02, OffenseEncounterSO:encounter:03, OffenseEncounterSO:encounter:04, OffenseEncounterSO:encounter:05, OffenseEncounterSO:encounter:06, OffenseEncounterSO:encounter:07, OffenseEncounterSO:encounter:08, OffenseEncounterSO:encounter:09, OffenseEncounterSO:encounter:10, OffenseEncounterSO:encounter:11, OffenseEncounterSO:encounter:12, OffenseEncounterSO:encounter:13 외 23개",정적 콘텐츠 역참조는 확인되지 않음; 런타임 직접 조회와 설계상 공백은 별도 검증 필요,encounter-composition-counters-and-rewards; niche=type-contract; cost=type-contract,Assets/Resources/SO/Offense/Encounters/encounter_01.asset,1ce78bf468c994941b20cd725346f313,,"[""battlefield:narrow-bridge""]",1,0,"[""counter:reach"",""counter:break-formation""]",2,왕령 농지 징발,0,encounter:01,"[{""enemyArchetypeId"":""enemy:crown-levy"",""maximumCount"":2,""minimumCount"":1},{""enemyArchetypeId"":""enemy:crown-tower-guard"",""maximumCount"":2,""minimumCount"":1}]",2,,,,1,encounter_01,4,1,0,,,0,,OffenseEncounterObjective,Defeat All,explicit-serialized,"[""offense:unappraised-loot""]",1
combat-health-world,OffenseEncounterSO,OffenseEncounterSO|encounter:02,encounter:02,왕령 호송대,,작성 자산 정의,produces-or-unlocks:offense:unappraised-loot; references:battlefield:broken-pillars,현장 강도 1~4에서 적 구성 2개와 전장 조건 1개를 조합한다. 대응 태그 2개와 보상 1개가 전투 준비와 수익의 관계를 만든다.,encounter-composition-counters-and-rewards,근거 확인,,active-authored,Assets/Resources/SO/Content/GameDomainContentCatalog.asset; Assets/Resources/SO/GameContentCatalog.asset,catalog-registered-static-consumer,Assets/Scripts/Models/Offense/Core/OffenseAuthoredContentPort.cs; Assets/Scripts/Services/Items/GameContentCatalog.cs; Assets/Scripts/Services/Offense/EnemyEncounterFactory.cs; Assets/Scripts/Services/Offense/EnemyIndividualRuntime.cs; Assets/Scripts/Services/Offense/Strategic/OffenseStrategicDefinitions.cs; Assets/Scripts/Services/Run/V20CampaignRuntime.cs,Assets/Scripts/Services/Offense/EnemyEncounterFactory.cs; Assets/Scripts/Services/Offense/EnemyIndividualRuntime.cs; Assets/Scripts/Services/Run/V20CampaignRuntime.cs,0,,현장 강도 1~4에서 적 구성 2개와 전장 조건 1개를 조합한다. 대응 태그 2개와 보상 1개가 전투 준비와 수익의 관계를 만든다.,전투·건강·세계 영역의 OffenseEncounterSO 규칙을 분리해 재사용한다.,작성 자산에서 직접 비용·위험 수치를 확인할 수 없음,OffenseEncounterSO,"비교 후보(대체 가능성 미검증): OffenseEncounterSO:encounter:01, OffenseEncounterSO:encounter:03, OffenseEncounterSO:encounter:04, OffenseEncounterSO:encounter:05, OffenseEncounterSO:encounter:06, OffenseEncounterSO:encounter:07, OffenseEncounterSO:encounter:08, OffenseEncounterSO:encounter:09, OffenseEncounterSO:encounter:10, OffenseEncounterSO:encounter:11, OffenseEncounterSO:encounter:12, OffenseEncounterSO:encounter:13 외 23개",정적 콘텐츠 역참조는 확인되지 않음; 런타임 직접 조회와 설계상 공백은 별도 검증 필요,encounter-composition-counters-and-rewards; niche=type-contract; cost=type-contract,Assets/Resources/SO/Offense/Encounters/encounter_02.asset,5223d35ae9e1c634b89156e9ed4d4d19,,"[""battlefield:broken-pillars""]",1,0,"[""counter:flank"",""counter:armor-break""]",2,왕령 호송대,0,encounter:02,"[{""enemyArchetypeId"":""enemy:crown-tower-guard"",""maximumCount"":2,""minimumCount"":1},{""enemyArchetypeId"":""enemy:crown-longbow"",""maximumCount"":2,""minimumCount"":1}]",2,,,,2,encounter_02,4,1,1,,,8,,OffenseEncounterObjective,Survive Rounds,explicit-serialized,"[""offense:unappraised-loot""]",1
combat-health-world,OffenseEncounterSO,OffenseEncounterSO|encounter:03,encounter:03,도시연맹 무기고,,작성 자산 정의,produces-or-unlocks:offense:unappraised-loot; references:battlefield:elevated-gallery,현장 강도 1~4에서 적 구성 3개와 전장 조건 1개를 조합한다. 대응 태그 3개와 보상 1개가 전투 준비와 수익의 관계를 만든다.,encounter-composition-counters-and-rewards,근거 확인,,active-authored,Assets/Resources/SO/Content/GameDomainContentCatalog.asset; Assets/Resources/SO/GameContentCatalog.asset,catalog-registered-static-consumer,Assets/Scripts/Models/Offense/Core/OffenseAuthoredContentPort.cs; Assets/Scripts/Services/Items/GameContentCatalog.cs; Assets/Scripts/Services/Offense/EnemyEncounterFactory.cs; Assets/Scripts/Services/Offense/EnemyIndividualRuntime.cs; Assets/Scripts/Services/Offense/Strategic/OffenseStrategicDefinitions.cs; Assets/Scripts/Services/Run/V20CampaignRuntime.cs,Assets/Scripts/Services/Offense/EnemyEncounterFactory.cs; Assets/Scripts/Services/Offense/EnemyIndividualRuntime.cs; Assets/Scripts/Services/Run/V20CampaignRuntime.cs,0,,현장 강도 1~4에서 적 구성 3개와 전장 조건 1개를 조합한다. 대응 태그 3개와 보상 1개가 전투 준비와 수익의 관계를 만든다.,전투·건강·세계 영역의 OffenseEncounterSO 규칙을 분리해 재사용한다.,작성 자산에서 직접 비용·위험 수치를 확인할 수 없음,OffenseEncounterSO,"비교 후보(대체 가능성 미검증): OffenseEncounterSO:encounter:01, OffenseEncounterSO:encounter:02, OffenseEncounterSO:encounter:04, OffenseEncounterSO:encounter:05, OffenseEncounterSO:encounter:06, OffenseEncounterSO:encounter:07, OffenseEncounterSO:encounter:08, OffenseEncounterSO:encounter:09, OffenseEncounterSO:encounter:10, OffenseEncounterSO:encounter:11, OffenseEncounterSO:encounter:12, OffenseEncounterSO:encounter:13 외 23개",정적 콘텐츠 역참조는 확인되지 않음; 런타임 직접 조회와 설계상 공백은 별도 검증 필요,encounter-composition-counters-and-rewards; niche=type-contract; cost=type-contract,Assets/Resources/SO/Offense/Encounters/encounter_03.asset,9073beb3a479cd74580a7463c4a5528d,0,"[""battlefield:elevated-gallery""]",1,0,"[""counter:anti-air"",""counter:smoke"",""counter:guard-backline""]",3,도시연맹 무기고,0,encounter:03,"[{""enemyArchetypeId"":""enemy:legion-arquebus"",""maximumCount"":2,""minimumCount"":1},{""enemyArchetypeId"":""enemy:legion-pavise"",""maximumCount"":2,""minimumCount"":1},{""enemyArchetypeId"":""enemy:legion-surgeon"",""maximumCount"":2,""minimumCount"":1}]",3,1,1,1,3,encounter_03,4,1,2,1,2.6,6,target:field-medic,OffenseEncounterObjective,Protect Target,explicit-serialized,"[""offense:unappraised-loot""]",1
combat-health-world,OffenseEncounterSO,OffenseEncounterSO|encounter:04,encounter:04,성화 비전 봉쇄,,작성 자산 정의,produces-or-unlocks:offense:unappraised-loot; references:battlefield:flooded-floor,현장 강도 1~4에서 적 구성 3개와 전장 조건 1개를 조합한다. 대응 태그 3개와 보상 1개가 전투 준비와 수익의 관계를 만든다.,encounter-composition-counters-and-rewards,근거 확인,,active-authored,Assets/Resources/SO/Content/GameDomainContentCatalog.asset; Assets/Resources/SO/GameContentCatalog.asset,catalog-registered-static-consumer,Assets/Scripts/Models/Offense/Core/OffenseAuthoredContentPort.cs; Assets/Scripts/Services/Items/GameContentCatalog.cs; Assets/Scripts/Services/Offense/EnemyEncounterFactory.cs; Assets/Scripts/Services/Offense/EnemyIndividualRuntime.cs; Assets/Scripts/Services/Offense/Strategic/OffenseStrategicDefinitions.cs; Assets/Scripts/Services/Run/V20CampaignRuntime.cs,Assets/Scripts/Services/Offense/EnemyEncounterFactory.cs; Assets/Scripts/Services/Offense/EnemyIndividualRuntime.cs; Assets/Scripts/Services/Run/V20CampaignRuntime.cs,0,,현장 강도 1~4에서 적 구성 3개와 전장 조건 1개를 조합한다. 대응 태그 3개와 보상 1개가 전투 준비와 수익의 관계를 만든다.,전투·건강·세계 영역의 OffenseEncounterSO 규칙을 분리해 재사용한다.,작성 자산에서 직접 비용·위험 수치를 확인할 수 없음,OffenseEncounterSO,"비교 후보(대체 가능성 미검증): OffenseEncounterSO:encounter:01, OffenseEncounterSO:encounter:02, OffenseEncounterSO:encounter:03, OffenseEncounterSO:encounter:05, OffenseEncounterSO:encounter:06, OffenseEncounterSO:encounter:07, OffenseEncounterSO:encounter:08, OffenseEncounterSO:encounter:09, OffenseEncounterSO:encounter:10, OffenseEncounterSO:encounter:11, OffenseEncounterSO:encounter:12, OffenseEncounterSO:encounter:13 외 23개",정적 콘텐츠 역참조는 확인되지 않음; 런타임 직접 조회와 설계상 공백은 별도 검증 필요,encounter-composition-counters-and-rewards; niche=type-contract; cost=type-contract,Assets/Resources/SO/Offense/Encounters/encounter_04.asset,e188083c752ad73488732d79accbde92,0,"[""battlefield:flooded-floor""]",1,0,"[""counter:insulated"",""counter:mana-disrupt"",""counter:focus-support""]",3,성화 비전 봉쇄,0,encounter:04,"[{""enemyArchetypeId"":""enemy:inquisition-censor"",""maximumCount"":2,""minimumCount"":1},{""enemyArchetypeId"":""enemy:inquisition-ward-knight"",""maximumCount"":2,""minimumCount"":1},{""enemyArchetypeId"":""enemy:inquisition-purifier"",""maximumCount"":2,""minimumCount"":1}]",3,1,1,0.122,4,encounter_04,4,1,3,1,0.8,9,target:war-device,OffenseEncounterObjective,Sabotage Target,explicit-serialized,"[""offense:unappraised-loot""]",1
combat-health-world,OffenseEncounterSO,OffenseEncounterSO|encounter:05,encounter:05,경쟁 던전 척후,,작성 자산 정의,produces-or-unlocks:offense:unappraised-loot; references:battlefield:civilian-corridor,현장 강도 2~5에서 적 구성 2개와 전장 조건 1개를 조합한다. 대응 태그 3개와 보상 1개가 전투 준비와 수익의 관계를 만든다.,encounter-composition-counters-and-rewards,근거 확인,,active-authored,Assets/Resources/SO/Content/GameDomainContentCatalog.asset; Assets/Resources/SO/GameContentCatalog.asset,catalog-registered-static-consumer,Assets/Scripts/Models/Offense/Core/OffenseAuthoredContentPort.cs; Assets/Scripts/Services/Items/GameContentCatalog.cs; Assets/Scripts/Services/Offense/EnemyEncounterFactory.cs; Assets/Scripts/Services/Offense/EnemyIndividualRuntime.cs; Assets/Scripts/Services/Offense/Strategic/OffenseStrategicDefinitions.cs; Assets/Scripts/Services/Run/V20CampaignRuntime.cs,Assets/Scripts/Services/Offense/EnemyEncounterFactory.cs; Assets/Scripts/Services/Offense/EnemyIndividualRuntime.cs; Assets/Scripts/Services/Run/V20CampaignRuntime.cs,0,,현장 강도 2~5에서 적 구성 2개와 전장 조건 1개를 조합한다. 대응 태그 3개와 보상 1개가 전투 준비와 수익의 관계를 만든다.,전투·건강·세계 영역의 OffenseEncounterSO 규칙을 분리해 재사용한다.,작성 자산에서 직접 비용·위험 수치를 확인할 수 없음,OffenseEncounterSO,"비교 후보(대체 가능성 미검증): OffenseEncounterSO:encounter:01, OffenseEncounterSO:encounter:02, OffenseEncounterSO:encounter:03, OffenseEncounterSO:encounter:04, OffenseEncounterSO:encounter:06, OffenseEncounterSO:encounter:07, OffenseEncounterSO:encounter:08, OffenseEncounterSO:encounter:09, OffenseEncounterSO:encounter:10, OffenseEncounterSO:encounter:11, OffenseEncounterSO:encounter:12, OffenseEncounterSO:encounter:13 외 23개",정적 콘텐츠 역참조는 확인되지 않음; 런타임 직접 조회와 설계상 공백은 별도 검증 필요,encounter-composition-counters-and-rewards; niche=type-contract; cost=type-contract,Assets/Resources/SO/Offense/Encounters/encounter_05.asset,935d9795c0dd4484a973dbb44e37f9bd,,"[""battlefield:civilian-corridor""]",1,0,"[""counter:precision"",""counter:anti-air"",""counter:guard-backline""]",3,경쟁 던전 척후,1,encounter:05,"[{""enemyArchetypeId"":""enemy:rival-stormcaller"",""maximumCount"":2,""minimumCount"":1},{""enemyArchetypeId"":""enemy:rival-packbreaker"",""maximumCount"":2,""minimumCount"":1}]",2,,,,5,encounter_05,5,2,4,,,8,,OffenseEncounterObjective,Escape,explicit-serialized,"[""offense:unappraised-loot""]",1
combat-health-world,OffenseEncounterSO,OffenseEncounterSO|encounter:06,encounter:06,진실 봉인실,,작성 자산 정의,produces-or-unlocks:offense:unappraised-loot; references:battlefield:unstable-device,현장 강도 2~5에서 적 구성 2개와 전장 조건 1개를 조합한다. 대응 태그 3개와 보상 1개가 전투 준비와 수익의 관계를 만든다.,encounter-composition-counters-and-rewards,근거 확인,,active-authored,Assets/Resources/SO/Content/GameDomainContentCatalog.asset; Assets/Resources/SO/GameContentCatalog.asset,catalog-registered-static-consumer,Assets/Scripts/Models/Offense/Core/OffenseAuthoredContentPort.cs; Assets/Scripts/Services/Items/GameContentCatalog.cs; Assets/Scripts/Services/Offense/EnemyEncounterFactory.cs; Assets/Scripts/Services/Offense/EnemyIndividualRuntime.cs; Assets/Scripts/Services/Offense/Strategic/OffenseStrategicDefinitions.cs; Assets/Scripts/Services/Run/V20CampaignRuntime.cs,Assets/Scripts/Services/Offense/EnemyEncounterFactory.cs; Assets/Scripts/Services/Offense/EnemyIndividualRuntime.cs; Assets/Scripts/Services/Run/V20CampaignRuntime.cs,0,,현장 강도 2~5에서 적 구성 2개와 전장 조건 1개를 조합한다. 대응 태그 3개와 보상 1개가 전투 준비와 수익의 관계를 만든다.,전투·건강·세계 영역의 OffenseEncounterSO 규칙을 분리해 재사용한다.,작성 자산에서 직접 비용·위험 수치를 확인할 수 없음,OffenseEncounterSO,"비교 후보(대체 가능성 미검증): OffenseEncounterSO:encounter:01, OffenseEncounterSO:encounter:02, OffenseEncounterSO:encounter:03, OffenseEncounterSO:encounter:04, OffenseEncounterSO:encounter:05, OffenseEncounterSO:encounter:07, OffenseEncounterSO:encounter:08, OffenseEncounterSO:encounter:09, OffenseEncounterSO:encounter:10, OffenseEncounterSO:encounter:11, OffenseEncounterSO:encounter:12, OffenseEncounterSO:encounter:13 외 23개",정적 콘텐츠 역참조는 확인되지 않음; 런타임 직접 조회와 설계상 공백은 별도 검증 필요,encounter-composition-counters-and-rewards; niche=type-contract; cost=type-contract,Assets/Resources/SO/Offense/Encounters/encounter_06.asset,594e5737a8ce4fb4e8596f27e4d64daa,0,"[""battlefield:unstable-device""]",1,1,"[""counter:sabotage"",""counter:mundane"",""counter:nonlethal""]",3,진실 봉인실,0,encounter:06,"[{""enemyArchetypeId"":""enemy:truth-sealkeeper"",""maximumCount"":1,""minimumCount"":1},{""enemyArchetypeId"":""enemy:truth-null-warden"",""maximumCount"":2,""minimumCount"":1}]",2,1,1,2.53,6,encounter_06,5,2,5,1.5,1,6,enemy:truth-sealkeeper,OffenseEncounterObjective,Capture Leader,explicit-serialized,"[""offense:unappraised-loot""]",1
combat-health-world,OffenseEncounterSO,OffenseEncounterSO|encounter:07,encounter:07,도시연맹 파비스 전열,,작성 자산 정의,produces-or-unlocks:offense:unappraised-loot; references:battlefield:sealed-exit,현장 강도 2~5에서 적 구성 2개와 전장 조건 1개를 조합한다. 대응 태그 2개와 보상 1개가 전투 준비와 수익의 관계를 만든다.,encounter-composition-counters-and-rewards,근거 확인,,active-authored,Assets/Resources/SO/Content/GameDomainContentCatalog.asset; Assets/Resources/SO/GameContentCatalog.asset,catalog-registered-static-consumer,Assets/Scripts/Models/Offense/Core/OffenseAuthoredContentPort.cs; Assets/Scripts/Services/Items/GameContentCatalog.cs; Assets/Scripts/Services/Offense/EnemyEncounterFactory.cs; Assets/Scripts/Services/Offense/EnemyIndividualRuntime.cs; Assets/Scripts/Services/Offense/Strategic/OffenseStrategicDefinitions.cs; Assets/Scripts/Services/Run/V20CampaignRuntime.cs,Assets/Scripts/Services/Offense/EnemyEncounterFactory.cs; Assets/Scripts/Services/Offense/EnemyIndividualRuntime.cs; Assets/Scripts/Services/Run/V20CampaignRuntime.cs,0,,현장 강도 2~5에서 적 구성 2개와 전장 조건 1개를 조합한다. 대응 태그 2개와 보상 1개가 전투 준비와 수익의 관계를 만든다.,전투·건강·세계 영역의 OffenseEncounterSO 규칙을 분리해 재사용한다.,작성 자산에서 직접 비용·위험 수치를 확인할 수 없음,OffenseEncounterSO,"비교 후보(대체 가능성 미검증): OffenseEncounterSO:encounter:01, OffenseEncounterSO:encounter:02, OffenseEncounterSO:encounter:03, OffenseEncounterSO:encounter:04, OffenseEncounterSO:encounter:05, OffenseEncounterSO:encounter:06, OffenseEncounterSO:encounter:08, OffenseEncounterSO:encounter:09, OffenseEncounterSO:encounter:10, OffenseEncounterSO:encounter:11, OffenseEncounterSO:encounter:12, OffenseEncounterSO:encounter:13 외 23개",정적 콘텐츠 역참조는 확인되지 않음; 런타임 직접 조회와 설계상 공백은 별도 검증 필요,encounter-composition-counters-and-rewards; niche=type-contract; cost=type-contract,Assets/Resources/SO/V20/Combat/Encounters/encounter_07.asset,471a2d14c8b6c404388ac5e55550ba3f,,"[""battlefield:sealed-exit""]",1,0,"[""counter:engineering"",""counter:flank""]",2,도시연맹 파비스 전열,0,encounter:07,"[{""enemyArchetypeId"":""enemy:legion-pavise"",""maximumCount"":2,""minimumCount"":1},{""enemyArchetypeId"":""enemy:legion-pikeman"",""maximumCount"":2,""minimumCount"":1}]",2,,,,8007,encounter_07,5,2,0,,,0,,OffenseEncounterObjective,Defeat All,explicit-serialized,"[""offense:unappraised-loot""]",1
combat-health-world,OffenseEncounterSO,OffenseEncounterSO|encounter:08,encounter:08,도시연맹 화약 일제,,작성 자산 정의,produces-or-unlocks:offense:unappraised-loot; references:battlefield:hostage-chain,현장 강도 2~5에서 적 구성 2개와 전장 조건 1개를 조합한다. 대응 태그 3개와 보상 1개가 전투 준비와 수익의 관계를 만든다.,encounter-composition-counters-and-rewards,근거 확인,,active-authored,Assets/Resources/SO/Content/GameDomainContentCatalog.asset; Assets/Resources/SO/GameContentCatalog.asset,catalog-registered-static-consumer,Assets/Scripts/Models/Offense/Core/OffenseAuthoredContentPort.cs; Assets/Scripts/Services/Items/GameContentCatalog.cs; Assets/Scripts/Services/Offense/EnemyEncounterFactory.cs; Assets/Scripts/Services/Offense/EnemyIndividualRuntime.cs; Assets/Scripts/Services/Offense/Strategic/OffenseStrategicDefinitions.cs; Assets/Scripts/Services/Run/V20CampaignRuntime.cs,Assets/Scripts/Services/Offense/EnemyEncounterFactory.cs; Assets/Scripts/Services/Offense/EnemyIndividualRuntime.cs; Assets/Scripts/Services/Run/V20CampaignRuntime.cs,0,,현장 강도 2~5에서 적 구성 2개와 전장 조건 1개를 조합한다. 대응 태그 3개와 보상 1개가 전투 준비와 수익의 관계를 만든다.,전투·건강·세계 영역의 OffenseEncounterSO 규칙을 분리해 재사용한다.,작성 자산에서 직접 비용·위험 수치를 확인할 수 없음,OffenseEncounterSO,"비교 후보(대체 가능성 미검증): OffenseEncounterSO:encounter:01, OffenseEncounterSO:encounter:02, OffenseEncounterSO:encounter:03, OffenseEncounterSO:encounter:04, OffenseEncounterSO:encounter:05, OffenseEncounterSO:encounter:06, OffenseEncounterSO:encounter:07, OffenseEncounterSO:encounter:09, OffenseEncounterSO:encounter:10, OffenseEncounterSO:encounter:11, OffenseEncounterSO:encounter:12, OffenseEncounterSO:encounter:13 외 23개",정적 콘텐츠 역참조는 확인되지 않음; 런타임 직접 조회와 설계상 공백은 별도 검증 필요,encounter-composition-counters-and-rewards; niche=type-contract; cost=type-contract,Assets/Resources/SO/V20/Combat/Encounters/encounter_08.asset,286945ef29c290c4a9c370d4441740aa,,"[""battlefield:hostage-chain""]",1,0,"[""counter:nonlethal"",""counter:smoke-hood"",""counter:rush""]",3,도시연맹 화약 일제,0,encounter:08,"[{""enemyArchetypeId"":""enemy:legion-arquebus"",""maximumCount"":2,""minimumCount"":1},{""enemyArchetypeId"":""enemy:legion-pavise"",""maximumCount"":2,""minimumCount"":1}]",2,,,,8008,encounter_08,5,2,1,,,8,,OffenseEncounterObjective,Survive Rounds,explicit-serialized,"[""offense:unappraised-loot""]",1
combat-health-world,OffenseEncounterSO,OffenseEncounterSO|encounter:09,encounter:09,도시연맹 야전병원,,작성 자산 정의,produces-or-unlocks:offense:unappraised-loot; references:battlefield:mana-storm,현장 강도 3~6에서 적 구성 3개와 전장 조건 1개를 조합한다. 대응 태그 2개와 보상 1개가 전투 준비와 수익의 관계를 만든다.,encounter-composition-counters-and-rewards,근거 확인,,active-authored,Assets/Resources/SO/Content/GameDomainContentCatalog.asset; Assets/Resources/SO/GameContentCatalog.asset,catalog-registered-static-consumer,Assets/Scripts/Models/Offense/Core/OffenseAuthoredContentPort.cs; Assets/Scripts/Services/Items/GameContentCatalog.cs; Assets/Scripts/Services/Offense/EnemyEncounterFactory.cs; Assets/Scripts/Services/Offense/EnemyIndividualRuntime.cs; Assets/Scripts/Services/Offense/Strategic/OffenseStrategicDefinitions.cs; Assets/Scripts/Services/Run/V20CampaignRuntime.cs,Assets/Scripts/Services/Offense/EnemyEncounterFactory.cs; Assets/Scripts/Services/Offense/EnemyIndividualRuntime.cs; Assets/Scripts/Services/Run/V20CampaignRuntime.cs,0,,현장 강도 3~6에서 적 구성 3개와 전장 조건 1개를 조합한다. 대응 태그 2개와 보상 1개가 전투 준비와 수익의 관계를 만든다.,전투·건강·세계 영역의 OffenseEncounterSO 규칙을 분리해 재사용한다.,작성 자산에서 직접 비용·위험 수치를 확인할 수 없음,OffenseEncounterSO,"비교 후보(대체 가능성 미검증): OffenseEncounterSO:encounter:01, OffenseEncounterSO:encounter:02, OffenseEncounterSO:encounter:03, OffenseEncounterSO:encounter:04, OffenseEncounterSO:encounter:05, OffenseEncounterSO:encounter:06, OffenseEncounterSO:encounter:07, OffenseEncounterSO:encounter:08, OffenseEncounterSO:encounter:10, OffenseEncounterSO:encounter:11, OffenseEncounterSO:encounter:12, OffenseEncounterSO:encounter:13 외 23개",정적 콘텐츠 역참조는 확인되지 않음; 런타임 직접 조회와 설계상 공백은 별도 검증 필요,encounter-composition-counters-and-rewards; niche=type-contract; cost=type-contract,Assets/Resources/SO/V20/Combat/Encounters/encounter_09.asset,00539539133500843ace2c2ca4923fbd,,"[""battlefield:mana-storm""]",1,0,"[""counter:mana-grounding"",""counter:interrupt-heal""]",2,도시연맹 야전병원,0,encounter:09,"[{""enemyArchetypeId"":""enemy:legion-surgeon"",""maximumCount"":2,""minimumCount"":1},{""enemyArchetypeId"":""enemy:legion-pikeman"",""maximumCount"":2,""minimumCount"":1},{""enemyArchetypeId"":""enemy:legion-arquebus"",""maximumCount"":2,""minimumCount"":1}]",3,,,,8009,encounter_09,6,3,2,,,7,target:field-medic,OffenseEncounterObjective,Protect Target,explicit-serialized,"[""offense:unappraised-loot""]",1
combat-health-world,OffenseEncounterSO,OffenseEncounterSO|encounter:10,encounter:10,도시연맹 지휘소,,작성 자산 정의,produces-or-unlocks:offense:unappraised-loot; references:battlefield:powder-smoke,현장 강도 3~6에서 적 구성 2개와 전장 조건 1개를 조합한다. 대응 태그 3개와 보상 1개가 전투 준비와 수익의 관계를 만든다.,encounter-composition-counters-and-rewards,근거 확인,,active-authored,Assets/Resources/SO/Content/GameDomainContentCatalog.asset; Assets/Resources/SO/GameContentCatalog.asset,catalog-registered-static-consumer,Assets/Scripts/Models/Offense/Core/OffenseAuthoredContentPort.cs; Assets/Scripts/Services/Items/GameContentCatalog.cs; Assets/Scripts/Services/Offense/EnemyEncounterFactory.cs; Assets/Scripts/Services/Offense/EnemyIndividualRuntime.cs; Assets/Scripts/Services/Offense/Strategic/OffenseStrategicDefinitions.cs; Assets/Scripts/Services/Run/V20CampaignRuntime.cs,Assets/Scripts/Services/Offense/EnemyEncounterFactory.cs; Assets/Scripts/Services/Offense/EnemyIndividualRuntime.cs; Assets/Scripts/Services/Run/V20CampaignRuntime.cs,0,,현장 강도 3~6에서 적 구성 2개와 전장 조건 1개를 조합한다. 대응 태그 3개와 보상 1개가 전투 준비와 수익의 관계를 만든다.,전투·건강·세계 영역의 OffenseEncounterSO 규칙을 분리해 재사용한다.,작성 자산에서 직접 비용·위험 수치를 확인할 수 없음,OffenseEncounterSO,"비교 후보(대체 가능성 미검증): OffenseEncounterSO:encounter:01, OffenseEncounterSO:encounter:02, OffenseEncounterSO:encounter:03, OffenseEncounterSO:encounter:04, OffenseEncounterSO:encounter:05, OffenseEncounterSO:encounter:06, OffenseEncounterSO:encounter:07, OffenseEncounterSO:encounter:08, OffenseEncounterSO:encounter:09, OffenseEncounterSO:encounter:11, OffenseEncounterSO:encounter:12, OffenseEncounterSO:encounter:13 외 23개",정적 콘텐츠 역참조는 확인되지 않음; 런타임 직접 조회와 설계상 공백은 별도 검증 필요,encounter-composition-counters-and-rewards; niche=type-contract; cost=type-contract,Assets/Resources/SO/V20/Combat/Encounters/encounter_10.asset,0e4c30479e8c9d245913c7b0a33e594b,0,"[""battlefield:powder-smoke""]",1,0,"[""counter:smoke-hood"",""counter:isolate-leader"",""counter:sabotage""]",3,도시연맹 지휘소,1,encounter:10,"[{""enemyArchetypeId"":""enemy:legion-captain"",""maximumCount"":2,""minimumCount"":1},{""enemyArchetypeId"":""enemy:legion-pavise"",""maximumCount"":2,""minimumCount"":1}]",2,1,1,0.503,8010,encounter_10,6,3,3,1,0.25,7,target:war-device,OffenseEncounterObjective,Sabotage Target,explicit-serialized,"[""offense:unappraised-loot""]",1
combat-health-world,OffenseEncounterSO,OffenseEncounterSO|encounter:11,encounter:11,성화 심문 정화대,,작성 자산 정의,produces-or-unlocks:offense:unappraised-loot; references:battlefield:spore-bloom,현장 강도 3~6에서 적 구성 2개와 전장 조건 1개를 조합한다. 대응 태그 2개와 보상 1개가 전투 준비와 수익의 관계를 만든다.,encounter-composition-counters-and-rewards,근거 확인,,active-authored,Assets/Resources/SO/Content/GameDomainContentCatalog.asset; Assets/Resources/SO/GameContentCatalog.asset,catalog-registered-static-consumer,Assets/Scripts/Models/Offense/Core/OffenseAuthoredContentPort.cs; Assets/Scripts/Services/Items/GameContentCatalog.cs; Assets/Scripts/Services/Offense/EnemyEncounterFactory.cs; Assets/Scripts/Services/Offense/EnemyIndividualRuntime.cs; Assets/Scripts/Services/Offense/Strategic/OffenseStrategicDefinitions.cs; Assets/Scripts/Services/Run/V20CampaignRuntime.cs,Assets/Scripts/Services/Offense/EnemyEncounterFactory.cs; Assets/Scripts/Services/Offense/EnemyIndividualRuntime.cs; Assets/Scripts/Services/Run/V20CampaignRuntime.cs,0,,현장 강도 3~6에서 적 구성 2개와 전장 조건 1개를 조합한다. 대응 태그 2개와 보상 1개가 전투 준비와 수익의 관계를 만든다.,전투·건강·세계 영역의 OffenseEncounterSO 규칙을 분리해 재사용한다.,작성 자산에서 직접 비용·위험 수치를 확인할 수 없음,OffenseEncounterSO,"비교 후보(대체 가능성 미검증): OffenseEncounterSO:encounter:01, OffenseEncounterSO:encounter:02, OffenseEncounterSO:encounter:03, OffenseEncounterSO:encounter:04, OffenseEncounterSO:encounter:05, OffenseEncounterSO:encounter:06, OffenseEncounterSO:encounter:07, OffenseEncounterSO:encounter:08, OffenseEncounterSO:encounter:09, OffenseEncounterSO:encounter:10, OffenseEncounterSO:encounter:12, OffenseEncounterSO:encounter:13 외 23개",정적 콘텐츠 역참조는 확인되지 않음; 런타임 직접 조회와 설계상 공백은 별도 검증 필요,encounter-composition-counters-and-rewards; niche=type-contract; cost=type-contract,Assets/Resources/SO/V20/Combat/Encounters/encounter_11.asset,2ce350ea7f9c42244bbafab2fbf9eda2,0,"[""battlefield:spore-bloom""]",1,0,"[""counter:fungicide"",""counter:kite""]",2,성화 심문 정화대,0,encounter:11,"[{""enemyArchetypeId"":""enemy:inquisition-purifier"",""maximumCount"":2,""minimumCount"":1},{""enemyArchetypeId"":""enemy:inquisition-rune-sniper"",""maximumCount"":2,""minimumCount"":1}]",2,1,0.632,1,8011,encounter_11,6,3,4,1,1,7,,OffenseEncounterObjective,Escape,explicit-serialized,"[""offense:unappraised-loot""]",1
combat-health-world,OffenseEncounterSO,OffenseEncounterSO|encounter:12,encounter:12,성화 결계기사 생포,,작성 자산 정의,produces-or-unlocks:offense:unappraised-loot; references:battlefield:collapsing-ceiling,현장 강도 3~6에서 적 구성 2개와 전장 조건 1개를 조합한다. 대응 태그 3개와 보상 1개가 전투 준비와 수익의 관계를 만든다.,encounter-composition-counters-and-rewards,근거 확인,,active-authored,Assets/Resources/SO/Content/GameDomainContentCatalog.asset; Assets/Resources/SO/GameContentCatalog.asset,catalog-registered-static-consumer,Assets/Scripts/Models/Offense/Core/OffenseAuthoredContentPort.cs; Assets/Scripts/Services/Items/GameContentCatalog.cs; Assets/Scripts/Services/Offense/EnemyEncounterFactory.cs; Assets/Scripts/Services/Offense/EnemyIndividualRuntime.cs; Assets/Scripts/Services/Offense/Strategic/OffenseStrategicDefinitions.cs; Assets/Scripts/Services/Run/V20CampaignRuntime.cs,Assets/Scripts/Services/Offense/EnemyEncounterFactory.cs; Assets/Scripts/Services/Offense/EnemyIndividualRuntime.cs; Assets/Scripts/Services/Run/V20CampaignRuntime.cs,0,,현장 강도 3~6에서 적 구성 2개와 전장 조건 1개를 조합한다. 대응 태그 3개와 보상 1개가 전투 준비와 수익의 관계를 만든다.,전투·건강·세계 영역의 OffenseEncounterSO 규칙을 분리해 재사용한다.,작성 자산에서 직접 비용·위험 수치를 확인할 수 없음,OffenseEncounterSO,"비교 후보(대체 가능성 미검증): OffenseEncounterSO:encounter:01, OffenseEncounterSO:encounter:02, OffenseEncounterSO:encounter:03, OffenseEncounterSO:encounter:04, OffenseEncounterSO:encounter:05, OffenseEncounterSO:encounter:06, OffenseEncounterSO:encounter:07, OffenseEncounterSO:encounter:08, OffenseEncounterSO:encounter:09, OffenseEncounterSO:encounter:10, OffenseEncounterSO:encounter:11, OffenseEncounterSO:encounter:13 외 23개",정적 콘텐츠 역참조는 확인되지 않음; 런타임 직접 조회와 설계상 공백은 별도 검증 필요,encounter-composition-counters-and-rewards; niche=type-contract; cost=type-contract,Assets/Resources/SO/V20/Combat/Encounters/encounter_12.asset,8612d428049f15d449b1b099c5580888,0,"[""battlefield:collapsing-ceiling""]",1,1,"[""counter:mobile"",""counter:physical-burst"",""counter:nonlethal""]",3,성화 결계기사 생포,0,encounter:12,"[{""enemyArchetypeId"":""enemy:inquisition-ward-knight"",""maximumCount"":1,""minimumCount"":1},{""enemyArchetypeId"":""enemy:inquisition-censor"",""maximumCount"":2,""minimumCount"":1}]",2,1,0.2,0.224,8012,encounter_12,6,3,5,0.25,1,8,enemy:inquisition-ward-knight,OffenseEncounterObjective,Capture Leader,explicit-serialized,"[""offense:unappraised-loot""]",1
combat-health-world,OffenseEncounterSO,OffenseEncounterSO|encounter:13,encounter:13,성화 룬저격수 교량,,작성 자산 정의,produces-or-unlocks:offense:unappraised-loot; references:battlefield:narrow-bridge,현장 강도 4~7에서 적 구성 2개와 전장 조건 1개를 조합한다. 대응 태그 3개와 보상 1개가 전투 준비와 수익의 관계를 만든다.,encounter-composition-counters-and-rewards,근거 확인,,active-authored,Assets/Resources/SO/Content/GameDomainContentCatalog.asset; Assets/Resources/SO/GameContentCatalog.asset,catalog-registered-static-consumer,Assets/Scripts/Models/Offense/Core/OffenseAuthoredContentPort.cs; Assets/Scripts/Services/Items/GameContentCatalog.cs; Assets/Scripts/Services/Offense/EnemyEncounterFactory.cs; Assets/Scripts/Services/Offense/EnemyIndividualRuntime.cs; Assets/Scripts/Services/Offense/Strategic/OffenseStrategicDefinitions.cs; Assets/Scripts/Services/Run/V20CampaignRuntime.cs,Assets/Scripts/Services/Offense/EnemyEncounterFactory.cs; Assets/Scripts/Services/Offense/EnemyIndividualRuntime.cs; Assets/Scripts/Services/Run/V20CampaignRuntime.cs,0,,현장 강도 4~7에서 적 구성 2개와 전장 조건 1개를 조합한다. 대응 태그 3개와 보상 1개가 전투 준비와 수익의 관계를 만든다.,전투·건강·세계 영역의 OffenseEncounterSO 규칙을 분리해 재사용한다.,작성 자산에서 직접 비용·위험 수치를 확인할 수 없음,OffenseEncounterSO,"비교 후보(대체 가능성 미검증): OffenseEncounterSO:encounter:01, OffenseEncounterSO:encounter:02, OffenseEncounterSO:encounter:03, OffenseEncounterSO:encounter:04, OffenseEncounterSO:encounter:05, OffenseEncounterSO:encounter:06, OffenseEncounterSO:encounter:07, OffenseEncounterSO:encounter:08, OffenseEncounterSO:encounter:09, OffenseEncounterSO:encounter:10, OffenseEncounterSO:encounter:11, OffenseEncounterSO:encounter:12 외 23개",정적 콘텐츠 역참조는 확인되지 않음; 런타임 직접 조회와 설계상 공백은 별도 검증 필요,encounter-composition-counters-and-rewards; niche=type-contract; cost=type-contract,Assets/Resources/SO/V20/Combat/Encounters/encounter_13.asset,317b8f09a1879ab4abf9211756fee482,,"[""battlefield:narrow-bridge""]",1,0,"[""counter:reach"",""counter:mundane"",""counter:smoke""]",3,성화 룬저격수 교량,0,encounter:13,"[{""enemyArchetypeId"":""enemy:inquisition-rune-sniper"",""maximumCount"":2,""minimumCount"":1},{""enemyArchetypeId"":""enemy:inquisition-ward-knight"",""maximumCount"":2,""minimumCount"":1}]",2,,,,8013,encounter_13,7,4,0,,,0,,OffenseEncounterObjective,Defeat All,explicit-serialized,"[""offense:unappraised-loot""]",1
combat-health-world,OffenseEncounterSO,OffenseEncounterSO|encounter:14,encounter:14,성화 검열관 방어선,,작성 자산 정의,produces-or-unlocks:offense:unappraised-loot; references:battlefield:broken-pillars,현장 강도 4~7에서 적 구성 2개와 전장 조건 1개를 조합한다. 대응 태그 2개와 보상 1개가 전투 준비와 수익의 관계를 만든다.,encounter-composition-counters-and-rewards,근거 확인,,active-authored,Assets/Resources/SO/Content/GameDomainContentCatalog.asset; Assets/Resources/SO/GameContentCatalog.asset,catalog-registered-static-consumer,Assets/Scripts/Models/Offense/Core/OffenseAuthoredContentPort.cs; Assets/Scripts/Services/Items/GameContentCatalog.cs; Assets/Scripts/Services/Offense/EnemyEncounterFactory.cs; Assets/Scripts/Services/Offense/EnemyIndividualRuntime.cs; Assets/Scripts/Services/Offense/Strategic/OffenseStrategicDefinitions.cs; Assets/Scripts/Services/Run/V20CampaignRuntime.cs,Assets/Scripts/Services/Offense/EnemyEncounterFactory.cs; Assets/Scripts/Services/Offense/EnemyIndividualRuntime.cs; Assets/Scripts/Services/Run/V20CampaignRuntime.cs,0,,현장 강도 4~7에서 적 구성 2개와 전장 조건 1개를 조합한다. 대응 태그 2개와 보상 1개가 전투 준비와 수익의 관계를 만든다.,전투·건강·세계 영역의 OffenseEncounterSO 규칙을 분리해 재사용한다.,작성 자산에서 직접 비용·위험 수치를 확인할 수 없음,OffenseEncounterSO,"비교 후보(대체 가능성 미검증): OffenseEncounterSO:encounter:01, OffenseEncounterSO:encounter:02, OffenseEncounterSO:encounter:03, OffenseEncounterSO:encounter:04, OffenseEncounterSO:encounter:05, OffenseEncounterSO:encounter:06, OffenseEncounterSO:encounter:07, OffenseEncounterSO:encounter:08, OffenseEncounterSO:encounter:09, OffenseEncounterSO:encounter:10, OffenseEncounterSO:encounter:11, OffenseEncounterSO:encounter:12 외 23개",정적 콘텐츠 역참조는 확인되지 않음; 런타임 직접 조회와 설계상 공백은 별도 검증 필요,encounter-composition-counters-and-rewards; niche=type-contract; cost=type-contract,Assets/Resources/SO/V20/Combat/Encounters/encounter_14.asset,7e4e864c21c3feb428167ef3993ad008,0,"[""battlefield:broken-pillars""]",1,0,"[""counter:flank"",""counter:dispel""]",2,성화 검열관 방어선,0,encounter:14,"[{""enemyArchetypeId"":""enemy:inquisition-censor"",""maximumCount"":2,""minimumCount"":1},{""enemyArchetypeId"":""enemy:inquisition-purifier"",""maximumCount"":2,""minimumCount"":1}]",2,1,0.632,1,8014,encounter_14,7,4,1,1,1,8,,OffenseEncounterObjective,Survive Rounds,explicit-serialized,"[""offense:unappraised-loot""]",1
combat-health-world,OffenseEncounterSO,OffenseEncounterSO|encounter:15,encounter:15,성화 대심문관의 선고,,작성 자산 정의,produces-or-unlocks:offense:unappraised-loot; references:battlefield:elevated-gallery,현장 강도 4~7에서 적 구성 3개와 전장 조건 1개를 조합한다. 대응 태그 2개와 보상 1개가 전투 준비와 수익의 관계를 만든다.,encounter-composition-counters-and-rewards,근거 확인,,active-authored,Assets/Resources/SO/Content/GameDomainContentCatalog.asset; Assets/Resources/SO/GameContentCatalog.asset,catalog-registered-static-consumer,Assets/Scripts/Models/Offense/Core/OffenseAuthoredContentPort.cs; Assets/Scripts/Services/Items/GameContentCatalog.cs; Assets/Scripts/Services/Offense/EnemyEncounterFactory.cs; Assets/Scripts/Services/Offense/EnemyIndividualRuntime.cs; Assets/Scripts/Services/Offense/Strategic/OffenseStrategicDefinitions.cs; Assets/Scripts/Services/Run/V20CampaignRuntime.cs,Assets/Scripts/Services/Offense/EnemyEncounterFactory.cs; Assets/Scripts/Services/Offense/EnemyIndividualRuntime.cs; Assets/Scripts/Services/Run/V20CampaignRuntime.cs,0,,현장 강도 4~7에서 적 구성 3개와 전장 조건 1개를 조합한다. 대응 태그 2개와 보상 1개가 전투 준비와 수익의 관계를 만든다.,전투·건강·세계 영역의 OffenseEncounterSO 규칙을 분리해 재사용한다.,작성 자산에서 직접 비용·위험 수치를 확인할 수 없음,OffenseEncounterSO,"비교 후보(대체 가능성 미검증): OffenseEncounterSO:encounter:01, OffenseEncounterSO:encounter:02, OffenseEncounterSO:encounter:03, OffenseEncounterSO:encounter:04, OffenseEncounterSO:encounter:05, OffenseEncounterSO:encounter:06, OffenseEncounterSO:encounter:07, OffenseEncounterSO:encounter:08, OffenseEncounterSO:encounter:09, OffenseEncounterSO:encounter:10, OffenseEncounterSO:encounter:11, OffenseEncounterSO:encounter:12 외 23개",정적 콘텐츠 역참조는 확인되지 않음; 런타임 직접 조회와 설계상 공백은 별도 검증 필요,encounter-composition-counters-and-rewards; niche=type-contract; cost=type-contract,Assets/Resources/SO/V20/Combat/Encounters/encounter_15.asset,94c038df643c2d747b5154d795dd6f6f,,"[""battlefield:elevated-gallery""]",1,0,"[""counter:anti-air"",""counter:split-pressure""]",2,성화 대심문관의 선고,1,encounter:15,"[{""enemyArchetypeId"":""enemy:inquisition-high-judge"",""maximumCount"":2,""minimumCount"":1},{""enemyArchetypeId"":""enemy:inquisition-rune-sniper"",""maximumCount"":2,""minimumCount"":1},{""enemyArchetypeId"":""enemy:inquisition-ward-knight"",""maximumCount"":2,""minimumCount"":1}]",3,,,,8015,encounter_15,7,4,2,,,8,target:field-medic,OffenseEncounterObjective,Protect Target,explicit-serialized,"[""offense:unappraised-loot""]",1
combat-health-world,OffenseEncounterSO,OffenseEncounterSO|encounter:16,encounter:16,금화동맹 대상 호위,,작성 자산 정의,produces-or-unlocks:offense:unappraised-loot; references:battlefield:flooded-floor,현장 강도 4~7에서 적 구성 2개와 전장 조건 1개를 조합한다. 대응 태그 3개와 보상 1개가 전투 준비와 수익의 관계를 만든다.,encounter-composition-counters-and-rewards,근거 확인,,active-authored,Assets/Resources/SO/Content/GameDomainContentCatalog.asset; Assets/Resources/SO/GameContentCatalog.asset,catalog-registered-static-consumer,Assets/Scripts/Models/Offense/Core/OffenseAuthoredContentPort.cs; Assets/Scripts/Services/Items/GameContentCatalog.cs; Assets/Scripts/Services/Offense/EnemyEncounterFactory.cs; Assets/Scripts/Services/Offense/EnemyIndividualRuntime.cs; Assets/Scripts/Services/Offense/Strategic/OffenseStrategicDefinitions.cs; Assets/Scripts/Services/Run/V20CampaignRuntime.cs,Assets/Scripts/Services/Offense/EnemyEncounterFactory.cs; Assets/Scripts/Services/Offense/EnemyIndividualRuntime.cs; Assets/Scripts/Services/Run/V20CampaignRuntime.cs,0,,현장 강도 4~7에서 적 구성 2개와 전장 조건 1개를 조합한다. 대응 태그 3개와 보상 1개가 전투 준비와 수익의 관계를 만든다.,전투·건강·세계 영역의 OffenseEncounterSO 규칙을 분리해 재사용한다.,작성 자산에서 직접 비용·위험 수치를 확인할 수 없음,OffenseEncounterSO,"비교 후보(대체 가능성 미검증): OffenseEncounterSO:encounter:01, OffenseEncounterSO:encounter:02, OffenseEncounterSO:encounter:03, OffenseEncounterSO:encounter:04, OffenseEncounterSO:encounter:05, OffenseEncounterSO:encounter:06, OffenseEncounterSO:encounter:07, OffenseEncounterSO:encounter:08, OffenseEncounterSO:encounter:09, OffenseEncounterSO:encounter:10, OffenseEncounterSO:encounter:11, OffenseEncounterSO:encounter:12 외 23개",정적 콘텐츠 역참조는 확인되지 않음; 런타임 직접 조회와 설계상 공백은 별도 검증 필요,encounter-composition-counters-and-rewards; niche=type-contract; cost=type-contract,Assets/Resources/SO/V20/Combat/Encounters/encounter_16.asset,bf0ce6ae86ec1ac48973fdd34b935aba,0,"[""battlefield:flooded-floor""]",1,0,"[""counter:insulated"",""counter:brace"",""counter:sabotage""]",3,금화동맹 대상 호위,0,encounter:16,"[{""enemyArchetypeId"":""enemy:merchant-caravan-blade"",""maximumCount"":2,""minimumCount"":1},{""enemyArchetypeId"":""enemy:merchant-hired-bulwark"",""maximumCount"":2,""minimumCount"":1}]",2,1,1,0.411,8016,encounter_16,7,4,3,1,0.95,7,target:war-device,OffenseEncounterObjective,Sabotage Target,explicit-serialized,"[""offense:unappraised-loot""]",1
combat-health-world,OffenseEncounterSO,OffenseEncounterSO|encounter:17,encounter:17,금화동맹 화물 방벽,,작성 자산 정의,produces-or-unlocks:offense:unappraised-loot; references:battlefield:civilian-corridor,현장 강도 5~8에서 적 구성 2개와 전장 조건 1개를 조합한다. 대응 태그 2개와 보상 1개가 전투 준비와 수익의 관계를 만든다.,encounter-composition-counters-and-rewards,근거 확인,,active-authored,Assets/Resources/SO/Content/GameDomainContentCatalog.asset; Assets/Resources/SO/GameContentCatalog.asset,catalog-registered-static-consumer,Assets/Scripts/Models/Offense/Core/OffenseAuthoredContentPort.cs; Assets/Scripts/Services/Items/GameContentCatalog.cs; Assets/Scripts/Services/Offense/EnemyEncounterFactory.cs; Assets/Scripts/Services/Offense/EnemyIndividualRuntime.cs; Assets/Scripts/Services/Offense/Strategic/OffenseStrategicDefinitions.cs; Assets/Scripts/Services/Run/V20CampaignRuntime.cs,Assets/Scripts/Services/Offense/EnemyEncounterFactory.cs; Assets/Scripts/Services/Offense/EnemyIndividualRuntime.cs; Assets/Scripts/Services/Run/V20CampaignRuntime.cs,0,,현장 강도 5~8에서 적 구성 2개와 전장 조건 1개를 조합한다. 대응 태그 2개와 보상 1개가 전투 준비와 수익의 관계를 만든다.,전투·건강·세계 영역의 OffenseEncounterSO 규칙을 분리해 재사용한다.,작성 자산에서 직접 비용·위험 수치를 확인할 수 없음,OffenseEncounterSO,"비교 후보(대체 가능성 미검증): OffenseEncounterSO:encounter:01, OffenseEncounterSO:encounter:02, OffenseEncounterSO:encounter:03, OffenseEncounterSO:encounter:04, OffenseEncounterSO:encounter:05, OffenseEncounterSO:encounter:06, OffenseEncounterSO:encounter:07, OffenseEncounterSO:encounter:08, OffenseEncounterSO:encounter:09, OffenseEncounterSO:encounter:10, OffenseEncounterSO:encounter:11, OffenseEncounterSO:encounter:12 외 23개",정적 콘텐츠 역참조는 확인되지 않음; 런타임 직접 조회와 설계상 공백은 별도 검증 필요,encounter-composition-counters-and-rewards; niche=type-contract; cost=type-contract,Assets/Resources/SO/V20/Combat/Encounters/encounter_17.asset,b734336dd54a5c14293ce80f9a0a6142,,"[""battlefield:civilian-corridor""]",1,0,"[""counter:precision"",""counter:separate-cargo""]",2,금화동맹 화물 방벽,0,encounter:17,"[{""enemyArchetypeId"":""enemy:merchant-hired-bulwark"",""maximumCount"":2,""minimumCount"":1},{""enemyArchetypeId"":""enemy:merchant-crossbow"",""maximumCount"":2,""minimumCount"":1}]",2,,,,8017,encounter_17,8,5,4,,,8,,OffenseEncounterObjective,Escape,explicit-serialized,"[""offense:unappraised-loot""]",1
combat-health-world,OffenseEncounterSO,OffenseEncounterSO|encounter:18,encounter:18,금화동맹 석궁 지휘관,,작성 자산 정의,produces-or-unlocks:offense:unappraised-loot; references:battlefield:unstable-device,현장 강도 5~8에서 적 구성 2개와 전장 조건 1개를 조합한다. 대응 태그 3개와 보상 1개가 전투 준비와 수익의 관계를 만든다.,encounter-composition-counters-and-rewards,근거 확인,,active-authored,Assets/Resources/SO/Content/GameDomainContentCatalog.asset; Assets/Resources/SO/GameContentCatalog.asset,catalog-registered-static-consumer,Assets/Scripts/Models/Offense/Core/OffenseAuthoredContentPort.cs; Assets/Scripts/Services/Items/GameContentCatalog.cs; Assets/Scripts/Services/Offense/EnemyEncounterFactory.cs; Assets/Scripts/Services/Offense/EnemyIndividualRuntime.cs; Assets/Scripts/Services/Offense/Strategic/OffenseStrategicDefinitions.cs; Assets/Scripts/Services/Run/V20CampaignRuntime.cs,Assets/Scripts/Services/Offense/EnemyEncounterFactory.cs; Assets/Scripts/Services/Offense/EnemyIndividualRuntime.cs; Assets/Scripts/Services/Run/V20CampaignRuntime.cs,0,,현장 강도 5~8에서 적 구성 2개와 전장 조건 1개를 조합한다. 대응 태그 3개와 보상 1개가 전투 준비와 수익의 관계를 만든다.,전투·건강·세계 영역의 OffenseEncounterSO 규칙을 분리해 재사용한다.,작성 자산에서 직접 비용·위험 수치를 확인할 수 없음,OffenseEncounterSO,"비교 후보(대체 가능성 미검증): OffenseEncounterSO:encounter:01, OffenseEncounterSO:encounter:02, OffenseEncounterSO:encounter:03, OffenseEncounterSO:encounter:04, OffenseEncounterSO:encounter:05, OffenseEncounterSO:encounter:06, OffenseEncounterSO:encounter:07, OffenseEncounterSO:encounter:08, OffenseEncounterSO:encounter:09, OffenseEncounterSO:encounter:10, OffenseEncounterSO:encounter:11, OffenseEncounterSO:encounter:12 외 23개",정적 콘텐츠 역참조는 확인되지 않음; 런타임 직접 조회와 설계상 공백은 별도 검증 필요,encounter-composition-counters-and-rewards; niche=type-contract; cost=type-contract,Assets/Resources/SO/V20/Combat/Encounters/encounter_18.asset,ee5e8fbdc0a06d647b350b76c4fef945,0,"[""battlefield:unstable-device""]",1,1,"[""counter:sabotage"",""counter:cover"",""counter:nonlethal""]",3,금화동맹 석궁 지휘관,0,encounter:18,"[{""enemyArchetypeId"":""enemy:merchant-crossbow"",""maximumCount"":1,""minimumCount"":1},{""enemyArchetypeId"":""enemy:merchant-caravan-blade"",""maximumCount"":2,""minimumCount"":1}]",2,1,1,1,8018,encounter_18,8,5,5,1.2,1,6,enemy:merchant-crossbow,OffenseEncounterObjective,Capture Leader,explicit-serialized,"[""offense:unappraised-loot""]",1
combat-health-world,OffenseEncounterSO,OffenseEncounterSO|encounter:19,encounter:19,금화동맹 연금 연무,,작성 자산 정의,produces-or-unlocks:offense:unappraised-loot; references:battlefield:sealed-exit,현장 강도 5~8에서 적 구성 2개와 전장 조건 1개를 조합한다. 대응 태그 3개와 보상 1개가 전투 준비와 수익의 관계를 만든다.,encounter-composition-counters-and-rewards,근거 확인,,active-authored,Assets/Resources/SO/Content/GameDomainContentCatalog.asset; Assets/Resources/SO/GameContentCatalog.asset,catalog-registered-static-consumer,Assets/Scripts/Models/Offense/Core/OffenseAuthoredContentPort.cs; Assets/Scripts/Services/Items/GameContentCatalog.cs; Assets/Scripts/Services/Offense/EnemyEncounterFactory.cs; Assets/Scripts/Services/Offense/EnemyIndividualRuntime.cs; Assets/Scripts/Services/Offense/Strategic/OffenseStrategicDefinitions.cs; Assets/Scripts/Services/Run/V20CampaignRuntime.cs,Assets/Scripts/Services/Offense/EnemyEncounterFactory.cs; Assets/Scripts/Services/Offense/EnemyIndividualRuntime.cs; Assets/Scripts/Services/Run/V20CampaignRuntime.cs,0,,현장 강도 5~8에서 적 구성 2개와 전장 조건 1개를 조합한다. 대응 태그 3개와 보상 1개가 전투 준비와 수익의 관계를 만든다.,전투·건강·세계 영역의 OffenseEncounterSO 규칙을 분리해 재사용한다.,작성 자산에서 직접 비용·위험 수치를 확인할 수 없음,OffenseEncounterSO,"비교 후보(대체 가능성 미검증): OffenseEncounterSO:encounter:01, OffenseEncounterSO:encounter:02, OffenseEncounterSO:encounter:03, OffenseEncounterSO:encounter:04, OffenseEncounterSO:encounter:05, OffenseEncounterSO:encounter:06, OffenseEncounterSO:encounter:07, OffenseEncounterSO:encounter:08, OffenseEncounterSO:encounter:09, OffenseEncounterSO:encounter:10, OffenseEncounterSO:encounter:11, OffenseEncounterSO:encounter:12 외 23개",정적 콘텐츠 역참조는 확인되지 않음; 런타임 직접 조회와 설계상 공백은 별도 검증 필요,encounter-composition-counters-and-rewards; niche=type-contract; cost=type-contract,Assets/Resources/SO/V20/Combat/Encounters/encounter_19.asset,6f9fc86813a717749ab3f4e10efce2ff,,"[""battlefield:sealed-exit""]",1,0,"[""counter:engineering"",""counter:air-filter"",""counter:rush""]",3,금화동맹 연금 연무,0,encounter:19,"[{""enemyArchetypeId"":""enemy:merchant-alchemist"",""maximumCount"":2,""minimumCount"":1},{""enemyArchetypeId"":""enemy:merchant-hired-bulwark"",""maximumCount"":2,""minimumCount"":1}]",2,,,,8019,encounter_19,8,5,0,,,0,,OffenseEncounterObjective,Defeat All,explicit-serialized,"[""offense:unappraised-loot""]",1
combat-health-world,OffenseEncounterSO,OffenseEncounterSO|encounter:20,encounter:20,금화동맹 전투지배인,,작성 자산 정의,produces-or-unlocks:offense:unappraised-loot; references:battlefield:hostage-chain,현장 강도 5~8에서 적 구성 3개와 전장 조건 1개를 조합한다. 대응 태그 2개와 보상 1개가 전투 준비와 수익의 관계를 만든다.,encounter-composition-counters-and-rewards,근거 확인,,active-authored,Assets/Resources/SO/Content/GameDomainContentCatalog.asset; Assets/Resources/SO/GameContentCatalog.asset,catalog-registered-static-consumer,Assets/Scripts/Models/Offense/Core/OffenseAuthoredContentPort.cs; Assets/Scripts/Services/Items/GameContentCatalog.cs; Assets/Scripts/Services/Offense/EnemyEncounterFactory.cs; Assets/Scripts/Services/Offense/EnemyIndividualRuntime.cs; Assets/Scripts/Services/Offense/Strategic/OffenseStrategicDefinitions.cs; Assets/Scripts/Services/Run/V20CampaignRuntime.cs,Assets/Scripts/Services/Offense/EnemyEncounterFactory.cs; Assets/Scripts/Services/Offense/EnemyIndividualRuntime.cs; Assets/Scripts/Services/Run/V20CampaignRuntime.cs,0,,현장 강도 5~8에서 적 구성 3개와 전장 조건 1개를 조합한다. 대응 태그 2개와 보상 1개가 전투 준비와 수익의 관계를 만든다.,전투·건강·세계 영역의 OffenseEncounterSO 규칙을 분리해 재사용한다.,작성 자산에서 직접 비용·위험 수치를 확인할 수 없음,OffenseEncounterSO,"비교 후보(대체 가능성 미검증): OffenseEncounterSO:encounter:01, OffenseEncounterSO:encounter:02, OffenseEncounterSO:encounter:03, OffenseEncounterSO:encounter:04, OffenseEncounterSO:encounter:05, OffenseEncounterSO:encounter:06, OffenseEncounterSO:encounter:07, OffenseEncounterSO:encounter:08, OffenseEncounterSO:encounter:09, OffenseEncounterSO:encounter:10, OffenseEncounterSO:encounter:11, OffenseEncounterSO:encounter:12 외 23개",정적 콘텐츠 역참조는 확인되지 않음; 런타임 직접 조회와 설계상 공백은 별도 검증 필요,encounter-composition-counters-and-rewards; niche=type-contract; cost=type-contract,Assets/Resources/SO/V20/Combat/Encounters/encounter_20.asset,b75882bbe776cb9439736da64645dfc9,,"[""battlefield:hostage-chain""]",1,0,"[""counter:nonlethal"",""counter:deny-retreat""]",2,금화동맹 전투지배인,1,encounter:20,"[{""enemyArchetypeId"":""enemy:merchant-factor"",""maximumCount"":2,""minimumCount"":1},{""enemyArchetypeId"":""enemy:merchant-crossbow"",""maximumCount"":2,""minimumCount"":1},{""enemyArchetypeId"":""enemy:merchant-caravan-blade"",""maximumCount"":2,""minimumCount"":1}]",3,,,,8020,encounter_20,8,5,1,,,8,,OffenseEncounterObjective,Survive Rounds,explicit-serialized,"[""offense:unappraised-loot""]",1
combat-health-world,OffenseEncounterSO,OffenseEncounterSO|encounter:21,encounter:21,자유개척 덫사냥꾼,,작성 자산 정의,produces-or-unlocks:offense:unappraised-loot; references:battlefield:mana-storm,현장 강도 6~9에서 적 구성 2개와 전장 조건 1개를 조합한다. 대응 태그 2개와 보상 1개가 전투 준비와 수익의 관계를 만든다.,encounter-composition-counters-and-rewards,근거 확인,,active-authored,Assets/Resources/SO/Content/GameDomainContentCatalog.asset; Assets/Resources/SO/GameContentCatalog.asset,catalog-registered-static-consumer,Assets/Scripts/Models/Offense/Core/OffenseAuthoredContentPort.cs; Assets/Scripts/Services/Items/GameContentCatalog.cs; Assets/Scripts/Services/Offense/EnemyEncounterFactory.cs; Assets/Scripts/Services/Offense/EnemyIndividualRuntime.cs; Assets/Scripts/Services/Offense/Strategic/OffenseStrategicDefinitions.cs; Assets/Scripts/Services/Run/V20CampaignRuntime.cs,Assets/Scripts/Services/Offense/EnemyEncounterFactory.cs; Assets/Scripts/Services/Offense/EnemyIndividualRuntime.cs; Assets/Scripts/Services/Run/V20CampaignRuntime.cs,0,,현장 강도 6~9에서 적 구성 2개와 전장 조건 1개를 조합한다. 대응 태그 2개와 보상 1개가 전투 준비와 수익의 관계를 만든다.,전투·건강·세계 영역의 OffenseEncounterSO 규칙을 분리해 재사용한다.,작성 자산에서 직접 비용·위험 수치를 확인할 수 없음,OffenseEncounterSO,"비교 후보(대체 가능성 미검증): OffenseEncounterSO:encounter:01, OffenseEncounterSO:encounter:02, OffenseEncounterSO:encounter:03, OffenseEncounterSO:encounter:04, OffenseEncounterSO:encounter:05, OffenseEncounterSO:encounter:06, OffenseEncounterSO:encounter:07, OffenseEncounterSO:encounter:08, OffenseEncounterSO:encounter:09, OffenseEncounterSO:encounter:10, OffenseEncounterSO:encounter:11, OffenseEncounterSO:encounter:12 외 23개",정적 콘텐츠 역참조는 확인되지 않음; 런타임 직접 조회와 설계상 공백은 별도 검증 필요,encounter-composition-counters-and-rewards; niche=type-contract; cost=type-contract,Assets/Resources/SO/V20/Combat/Encounters/encounter_21.asset,fcfc0526f2bbe7a4581e337a35ba3b49,0,"[""battlefield:mana-storm""]",1,0,"[""counter:mana-grounding"",""counter:slow-advance""]",2,자유개척 덫사냥꾼,0,encounter:21,"[{""enemyArchetypeId"":""enemy:settler-trapper"",""maximumCount"":2,""minimumCount"":1},{""enemyArchetypeId"":""enemy:settler-hunter"",""maximumCount"":2,""minimumCount"":1}]",2,1,2,2.53,8021,encounter_21,9,6,2,1,1,7,target:field-medic,OffenseEncounterObjective,Protect Target,explicit-serialized,"[""offense:unappraised-loot""]",1
combat-health-world,OffenseEncounterSO,OffenseEncounterSO|encounter:22,encounter:22,자유개척 임시 방벽,,작성 자산 정의,produces-or-unlocks:offense:unappraised-loot; references:battlefield:powder-smoke,현장 강도 6~9에서 적 구성 2개와 전장 조건 1개를 조합한다. 대응 태그 3개와 보상 1개가 전투 준비와 수익의 관계를 만든다.,encounter-composition-counters-and-rewards,근거 확인,,active-authored,Assets/Resources/SO/Content/GameDomainContentCatalog.asset; Assets/Resources/SO/GameContentCatalog.asset,catalog-registered-static-consumer,Assets/Scripts/Models/Offense/Core/OffenseAuthoredContentPort.cs; Assets/Scripts/Services/Items/GameContentCatalog.cs; Assets/Scripts/Services/Offense/EnemyEncounterFactory.cs; Assets/Scripts/Services/Offense/EnemyIndividualRuntime.cs; Assets/Scripts/Services/Offense/Strategic/OffenseStrategicDefinitions.cs; Assets/Scripts/Services/Run/V20CampaignRuntime.cs,Assets/Scripts/Services/Offense/EnemyEncounterFactory.cs; Assets/Scripts/Services/Offense/EnemyIndividualRuntime.cs; Assets/Scripts/Services/Run/V20CampaignRuntime.cs,0,,현장 강도 6~9에서 적 구성 2개와 전장 조건 1개를 조합한다. 대응 태그 3개와 보상 1개가 전투 준비와 수익의 관계를 만든다.,전투·건강·세계 영역의 OffenseEncounterSO 규칙을 분리해 재사용한다.,작성 자산에서 직접 비용·위험 수치를 확인할 수 없음,OffenseEncounterSO,"비교 후보(대체 가능성 미검증): OffenseEncounterSO:encounter:01, OffenseEncounterSO:encounter:02, OffenseEncounterSO:encounter:03, OffenseEncounterSO:encounter:04, OffenseEncounterSO:encounter:05, OffenseEncounterSO:encounter:06, OffenseEncounterSO:encounter:07, OffenseEncounterSO:encounter:08, OffenseEncounterSO:encounter:09, OffenseEncounterSO:encounter:10, OffenseEncounterSO:encounter:11, OffenseEncounterSO:encounter:12 외 23개",정적 콘텐츠 역참조는 확인되지 않음; 런타임 직접 조회와 설계상 공백은 별도 검증 필요,encounter-composition-counters-and-rewards; niche=type-contract; cost=type-contract,Assets/Resources/SO/V20/Combat/Encounters/encounter_22.asset,e885bfafb3131a54293cb891e0354a48,0,"[""battlefield:powder-smoke""]",1,0,"[""counter:smoke-hood"",""counter:destroy-cover"",""counter:sabotage""]",3,자유개척 임시 방벽,0,encounter:22,"[{""enemyArchetypeId"":""enemy:settler-barricadier"",""maximumCount"":2,""minimumCount"":1},{""enemyArchetypeId"":""enemy:settler-hunter"",""maximumCount"":2,""minimumCount"":1}]",2,1,0.8,1.45,8022,encounter_22,9,6,3,1,1,7,target:war-device,OffenseEncounterObjective,Sabotage Target,explicit-serialized,"[""offense:unappraised-loot""]",1
combat-health-world,OffenseEncounterSO,OffenseEncounterSO|encounter:23,encounter:23,자유개척 추적 사냥,,작성 자산 정의,produces-or-unlocks:offense:unappraised-loot; references:battlefield:spore-bloom,현장 강도 6~9에서 적 구성 2개와 전장 조건 1개를 조합한다. 대응 태그 2개와 보상 1개가 전투 준비와 수익의 관계를 만든다.,encounter-composition-counters-and-rewards,근거 확인,,active-authored,Assets/Resources/SO/Content/GameDomainContentCatalog.asset; Assets/Resources/SO/GameContentCatalog.asset,catalog-registered-static-consumer,Assets/Scripts/Models/Offense/Core/OffenseAuthoredContentPort.cs; Assets/Scripts/Services/Items/GameContentCatalog.cs; Assets/Scripts/Services/Offense/EnemyEncounterFactory.cs; Assets/Scripts/Services/Offense/EnemyIndividualRuntime.cs; Assets/Scripts/Services/Offense/Strategic/OffenseStrategicDefinitions.cs; Assets/Scripts/Services/Run/V20CampaignRuntime.cs,Assets/Scripts/Services/Offense/EnemyEncounterFactory.cs; Assets/Scripts/Services/Offense/EnemyIndividualRuntime.cs; Assets/Scripts/Services/Run/V20CampaignRuntime.cs,0,,현장 강도 6~9에서 적 구성 2개와 전장 조건 1개를 조합한다. 대응 태그 2개와 보상 1개가 전투 준비와 수익의 관계를 만든다.,전투·건강·세계 영역의 OffenseEncounterSO 규칙을 분리해 재사용한다.,작성 자산에서 직접 비용·위험 수치를 확인할 수 없음,OffenseEncounterSO,"비교 후보(대체 가능성 미검증): OffenseEncounterSO:encounter:01, OffenseEncounterSO:encounter:02, OffenseEncounterSO:encounter:03, OffenseEncounterSO:encounter:04, OffenseEncounterSO:encounter:05, OffenseEncounterSO:encounter:06, OffenseEncounterSO:encounter:07, OffenseEncounterSO:encounter:08, OffenseEncounterSO:encounter:09, OffenseEncounterSO:encounter:10, OffenseEncounterSO:encounter:11, OffenseEncounterSO:encounter:12 외 23개",정적 콘텐츠 역참조는 확인되지 않음; 런타임 직접 조회와 설계상 공백은 별도 검증 필요,encounter-composition-counters-and-rewards; niche=type-contract; cost=type-contract,Assets/Resources/SO/V20/Combat/Encounters/encounter_23.asset,2ebd922c94327744989c208332f4973c,,"[""battlefield:spore-bloom""]",1,0,"[""counter:fungicide"",""counter:smoke""]",2,자유개척 추적 사냥,0,encounter:23,"[{""enemyArchetypeId"":""enemy:settler-hunter"",""maximumCount"":2,""minimumCount"":1},{""enemyArchetypeId"":""enemy:settler-trapper"",""maximumCount"":2,""minimumCount"":1}]",2,,,,8023,encounter_23,9,6,4,,,7,,OffenseEncounterObjective,Escape,explicit-serialized,"[""offense:unappraised-loot""]",1
combat-health-world,OffenseEncounterSO,OffenseEncounterSO|encounter:24,encounter:24,자유개척 약초사 생포,,작성 자산 정의,produces-or-unlocks:offense:unappraised-loot; references:battlefield:collapsing-ceiling,현장 강도 6~9에서 적 구성 2개와 전장 조건 1개를 조합한다. 대응 태그 3개와 보상 1개가 전투 준비와 수익의 관계를 만든다.,encounter-composition-counters-and-rewards,근거 확인,,active-authored,Assets/Resources/SO/Content/GameDomainContentCatalog.asset; Assets/Resources/SO/GameContentCatalog.asset,catalog-registered-static-consumer,Assets/Scripts/Models/Offense/Core/OffenseAuthoredContentPort.cs; Assets/Scripts/Services/Items/GameContentCatalog.cs; Assets/Scripts/Services/Offense/EnemyEncounterFactory.cs; Assets/Scripts/Services/Offense/EnemyIndividualRuntime.cs; Assets/Scripts/Services/Offense/Strategic/OffenseStrategicDefinitions.cs; Assets/Scripts/Services/Run/V20CampaignRuntime.cs,Assets/Scripts/Services/Offense/EnemyEncounterFactory.cs; Assets/Scripts/Services/Offense/EnemyIndividualRuntime.cs; Assets/Scripts/Services/Run/V20CampaignRuntime.cs,0,,현장 강도 6~9에서 적 구성 2개와 전장 조건 1개를 조합한다. 대응 태그 3개와 보상 1개가 전투 준비와 수익의 관계를 만든다.,전투·건강·세계 영역의 OffenseEncounterSO 규칙을 분리해 재사용한다.,작성 자산에서 직접 비용·위험 수치를 확인할 수 없음,OffenseEncounterSO,"비교 후보(대체 가능성 미검증): OffenseEncounterSO:encounter:01, OffenseEncounterSO:encounter:02, OffenseEncounterSO:encounter:03, OffenseEncounterSO:encounter:04, OffenseEncounterSO:encounter:05, OffenseEncounterSO:encounter:06, OffenseEncounterSO:encounter:07, OffenseEncounterSO:encounter:08, OffenseEncounterSO:encounter:09, OffenseEncounterSO:encounter:10, OffenseEncounterSO:encounter:11, OffenseEncounterSO:encounter:12 외 23개",정적 콘텐츠 역참조는 확인되지 않음; 런타임 직접 조회와 설계상 공백은 별도 검증 필요,encounter-composition-counters-and-rewards; niche=type-contract; cost=type-contract,Assets/Resources/SO/V20/Combat/Encounters/encounter_24.asset,a91652c54298011458041e34dc1c5924,,"[""battlefield:collapsing-ceiling""]",1,1,"[""counter:mobile"",""counter:focus-support"",""counter:nonlethal""]",3,자유개척 약초사 생포,0,encounter:24,"[{""enemyArchetypeId"":""enemy:settler-herbalist"",""maximumCount"":1,""minimumCount"":1},{""enemyArchetypeId"":""enemy:settler-barricadier"",""maximumCount"":2,""minimumCount"":1}]",2,,,,8024,encounter_24,9,6,5,,,6,enemy:settler-herbalist,OffenseEncounterObjective,Capture Leader,explicit-serialized,"[""offense:unappraised-loot""]",1
combat-health-world,OffenseEncounterSO,OffenseEncounterSO|encounter:25,encounter:25,자유개척 순찰대 결전,,작성 자산 정의,produces-or-unlocks:offense:unappraised-loot; references:battlefield:narrow-bridge,현장 강도 7~10에서 적 구성 3개와 전장 조건 1개를 조합한다. 대응 태그 2개와 보상 1개가 전투 준비와 수익의 관계를 만든다.,encounter-composition-counters-and-rewards,근거 확인,,active-authored,Assets/Resources/SO/Content/GameDomainContentCatalog.asset; Assets/Resources/SO/GameContentCatalog.asset,catalog-registered-static-consumer,Assets/Scripts/Models/Offense/Core/OffenseAuthoredContentPort.cs; Assets/Scripts/Services/Items/GameContentCatalog.cs; Assets/Scripts/Services/Offense/EnemyEncounterFactory.cs; Assets/Scripts/Services/Offense/EnemyIndividualRuntime.cs; Assets/Scripts/Services/Offense/Strategic/OffenseStrategicDefinitions.cs; Assets/Scripts/Services/Run/V20CampaignRuntime.cs,Assets/Scripts/Services/Offense/EnemyEncounterFactory.cs; Assets/Scripts/Services/Offense/EnemyIndividualRuntime.cs; Assets/Scripts/Services/Run/V20CampaignRuntime.cs,0,,현장 강도 7~10에서 적 구성 3개와 전장 조건 1개를 조합한다. 대응 태그 2개와 보상 1개가 전투 준비와 수익의 관계를 만든다.,전투·건강·세계 영역의 OffenseEncounterSO 규칙을 분리해 재사용한다.,작성 자산에서 직접 비용·위험 수치를 확인할 수 없음,OffenseEncounterSO,"비교 후보(대체 가능성 미검증): OffenseEncounterSO:encounter:01, OffenseEncounterSO:encounter:02, OffenseEncounterSO:encounter:03, OffenseEncounterSO:encounter:04, OffenseEncounterSO:encounter:05, OffenseEncounterSO:encounter:06, OffenseEncounterSO:encounter:07, OffenseEncounterSO:encounter:08, OffenseEncounterSO:encounter:09, OffenseEncounterSO:encounter:10, OffenseEncounterSO:encounter:11, OffenseEncounterSO:encounter:12 외 23개",정적 콘텐츠 역참조는 확인되지 않음; 런타임 직접 조회와 설계상 공백은 별도 검증 필요,encounter-composition-counters-and-rewards; niche=type-contract; cost=type-contract,Assets/Resources/SO/V20/Combat/Encounters/encounter_25.asset,12c91a8352cc9764b8f74a8aee4df76e,0,"[""battlefield:narrow-bridge""]",1,0,"[""counter:reach"",""counter:pin-leader""]",2,자유개척 순찰대 결전,1,encounter:25,"[{""enemyArchetypeId"":""enemy:settler-ranger-chief"",""maximumCount"":2,""minimumCount"":1},{""enemyArchetypeId"":""enemy:settler-hunter"",""maximumCount"":2,""minimumCount"":1},{""enemyArchetypeId"":""enemy:settler-trapper"",""maximumCount"":2,""minimumCount"":1}]",3,1,4,2.53,8025,encounter_25,10,7,0,1,1,0,,OffenseEncounterObjective,Defeat All,explicit-serialized,"[""offense:unappraised-loot""]",1
combat-health-world,OffenseEncounterSO,OffenseEncounterSO|encounter:26,encounter:26,경쟁 던전 무리파쇄자,,작성 자산 정의,produces-or-unlocks:offense:unappraised-loot; references:battlefield:broken-pillars,현장 강도 7~10에서 적 구성 2개와 전장 조건 1개를 조합한다. 대응 태그 2개와 보상 1개가 전투 준비와 수익의 관계를 만든다.,encounter-composition-counters-and-rewards,근거 확인,,active-authored,Assets/Resources/SO/Content/GameDomainContentCatalog.asset; Assets/Resources/SO/GameContentCatalog.asset,catalog-registered-static-consumer,Assets/Scripts/Models/Offense/Core/OffenseAuthoredContentPort.cs; Assets/Scripts/Services/Items/GameContentCatalog.cs; Assets/Scripts/Services/Offense/EnemyEncounterFactory.cs; Assets/Scripts/Services/Offense/EnemyIndividualRuntime.cs; Assets/Scripts/Services/Offense/Strategic/OffenseStrategicDefinitions.cs; Assets/Scripts/Services/Run/V20CampaignRuntime.cs,Assets/Scripts/Services/Offense/EnemyEncounterFactory.cs; Assets/Scripts/Services/Offense/EnemyIndividualRuntime.cs; Assets/Scripts/Services/Run/V20CampaignRuntime.cs,0,,현장 강도 7~10에서 적 구성 2개와 전장 조건 1개를 조합한다. 대응 태그 2개와 보상 1개가 전투 준비와 수익의 관계를 만든다.,전투·건강·세계 영역의 OffenseEncounterSO 규칙을 분리해 재사용한다.,작성 자산에서 직접 비용·위험 수치를 확인할 수 없음,OffenseEncounterSO,"비교 후보(대체 가능성 미검증): OffenseEncounterSO:encounter:01, OffenseEncounterSO:encounter:02, OffenseEncounterSO:encounter:03, OffenseEncounterSO:encounter:04, OffenseEncounterSO:encounter:05, OffenseEncounterSO:encounter:06, OffenseEncounterSO:encounter:07, OffenseEncounterSO:encounter:08, OffenseEncounterSO:encounter:09, OffenseEncounterSO:encounter:10, OffenseEncounterSO:encounter:11, OffenseEncounterSO:encounter:12 외 23개",정적 콘텐츠 역참조는 확인되지 않음; 런타임 직접 조회와 설계상 공백은 별도 검증 필요,encounter-composition-counters-and-rewards; niche=type-contract; cost=type-contract,Assets/Resources/SO/V20/Combat/Encounters/encounter_26.asset,fa9b3e71842914544af13a375ae5ce78,,"[""battlefield:broken-pillars""]",1,0,"[""counter:flank"",""counter:guard-backline""]",2,경쟁 던전 무리파쇄자,0,encounter:26,"[{""enemyArchetypeId"":""enemy:rival-packbreaker"",""maximumCount"":2,""minimumCount"":1},{""enemyArchetypeId"":""enemy:rival-stormcaller"",""maximumCount"":2,""minimumCount"":1}]",2,,,,8026,encounter_26,10,7,1,,,8,,OffenseEncounterObjective,Survive Rounds,explicit-serialized,"[""offense:unappraised-loot""]",1
combat-health-world,OffenseEncounterSO,OffenseEncounterSO|encounter:27,encounter:27,경쟁 던전 계약결속사,,작성 자산 정의,produces-or-unlocks:offense:unappraised-loot; references:battlefield:elevated-gallery,현장 강도 7~10에서 적 구성 2개와 전장 조건 1개를 조합한다. 대응 태그 2개와 보상 1개가 전투 준비와 수익의 관계를 만든다.,encounter-composition-counters-and-rewards,근거 확인,,active-authored,Assets/Resources/SO/Content/GameDomainContentCatalog.asset; Assets/Resources/SO/GameContentCatalog.asset,catalog-registered-static-consumer,Assets/Scripts/Models/Offense/Core/OffenseAuthoredContentPort.cs; Assets/Scripts/Services/Items/GameContentCatalog.cs; Assets/Scripts/Services/Offense/EnemyEncounterFactory.cs; Assets/Scripts/Services/Offense/EnemyIndividualRuntime.cs; Assets/Scripts/Services/Offense/Strategic/OffenseStrategicDefinitions.cs; Assets/Scripts/Services/Run/V20CampaignRuntime.cs,Assets/Scripts/Services/Offense/EnemyEncounterFactory.cs; Assets/Scripts/Services/Offense/EnemyIndividualRuntime.cs; Assets/Scripts/Services/Run/V20CampaignRuntime.cs,0,,현장 강도 7~10에서 적 구성 2개와 전장 조건 1개를 조합한다. 대응 태그 2개와 보상 1개가 전투 준비와 수익의 관계를 만든다.,전투·건강·세계 영역의 OffenseEncounterSO 규칙을 분리해 재사용한다.,작성 자산에서 직접 비용·위험 수치를 확인할 수 없음,OffenseEncounterSO,"비교 후보(대체 가능성 미검증): OffenseEncounterSO:encounter:01, OffenseEncounterSO:encounter:02, OffenseEncounterSO:encounter:03, OffenseEncounterSO:encounter:04, OffenseEncounterSO:encounter:05, OffenseEncounterSO:encounter:06, OffenseEncounterSO:encounter:07, OffenseEncounterSO:encounter:08, OffenseEncounterSO:encounter:09, OffenseEncounterSO:encounter:10, OffenseEncounterSO:encounter:11, OffenseEncounterSO:encounter:12 외 23개",정적 콘텐츠 역참조는 확인되지 않음; 런타임 직접 조회와 설계상 공백은 별도 검증 필요,encounter-composition-counters-and-rewards; niche=type-contract; cost=type-contract,Assets/Resources/SO/V20/Combat/Encounters/encounter_27.asset,3a2c9fb9ecd154e4b8fdb36b32ff00b0,0,"[""battlefield:elevated-gallery""]",1,0,"[""counter:anti-air"",""counter:dispel""]",2,경쟁 던전 계약결속사,0,encounter:27,"[{""enemyArchetypeId"":""enemy:rival-pactbinder"",""maximumCount"":2,""minimumCount"":1},{""enemyArchetypeId"":""enemy:rival-packbreaker"",""maximumCount"":2,""minimumCount"":1}]",2,1,2,2,8027,encounter_27,10,7,2,1,1,7,target:field-medic,OffenseEncounterObjective,Protect Target,explicit-serialized,"[""offense:unappraised-loot""]",1
combat-health-world,OffenseEncounterSO,OffenseEncounterSO|encounter:28,encounter:28,경쟁 던전 공성골렘,,작성 자산 정의,produces-or-unlocks:offense:unappraised-loot; references:battlefield:flooded-floor,현장 강도 7~10에서 적 구성 2개와 전장 조건 1개를 조합한다. 대응 태그 3개와 보상 1개가 전투 준비와 수익의 관계를 만든다.,encounter-composition-counters-and-rewards,근거 확인,,active-authored,Assets/Resources/SO/Content/GameDomainContentCatalog.asset; Assets/Resources/SO/GameContentCatalog.asset,catalog-registered-static-consumer,Assets/Scripts/Models/Offense/Core/OffenseAuthoredContentPort.cs; Assets/Scripts/Services/Items/GameContentCatalog.cs; Assets/Scripts/Services/Offense/EnemyEncounterFactory.cs; Assets/Scripts/Services/Offense/EnemyIndividualRuntime.cs; Assets/Scripts/Services/Offense/Strategic/OffenseStrategicDefinitions.cs; Assets/Scripts/Services/Run/V20CampaignRuntime.cs,Assets/Scripts/Services/Offense/EnemyEncounterFactory.cs; Assets/Scripts/Services/Offense/EnemyIndividualRuntime.cs; Assets/Scripts/Services/Run/V20CampaignRuntime.cs,0,,현장 강도 7~10에서 적 구성 2개와 전장 조건 1개를 조합한다. 대응 태그 3개와 보상 1개가 전투 준비와 수익의 관계를 만든다.,전투·건강·세계 영역의 OffenseEncounterSO 규칙을 분리해 재사용한다.,작성 자산에서 직접 비용·위험 수치를 확인할 수 없음,OffenseEncounterSO,"비교 후보(대체 가능성 미검증): OffenseEncounterSO:encounter:01, OffenseEncounterSO:encounter:02, OffenseEncounterSO:encounter:03, OffenseEncounterSO:encounter:04, OffenseEncounterSO:encounter:05, OffenseEncounterSO:encounter:06, OffenseEncounterSO:encounter:07, OffenseEncounterSO:encounter:08, OffenseEncounterSO:encounter:09, OffenseEncounterSO:encounter:10, OffenseEncounterSO:encounter:11, OffenseEncounterSO:encounter:12 외 23개",정적 콘텐츠 역참조는 확인되지 않음; 런타임 직접 조회와 설계상 공백은 별도 검증 필요,encounter-composition-counters-and-rewards; niche=type-contract; cost=type-contract,Assets/Resources/SO/V20/Combat/Encounters/encounter_28.asset,9a12e3fcfb02d884ba0a0b9db05b6bd5,0,"[""battlefield:flooded-floor""]",1,0,"[""counter:insulated"",""counter:mana-disrupt"",""counter:sabotage""]",3,경쟁 던전 공성골렘,0,encounter:28,"[{""enemyArchetypeId"":""enemy:rival-siege-frame"",""maximumCount"":2,""minimumCount"":1},{""enemyArchetypeId"":""enemy:rival-pactbinder"",""maximumCount"":2,""minimumCount"":1}]",2,1,1,3.2,8028,encounter_28,10,7,3,1,1,8,target:war-device,OffenseEncounterObjective,Sabotage Target,explicit-serialized,"[""offense:unappraised-loot""]",1
combat-health-world,OffenseEncounterSO,OffenseEncounterSO|encounter:29,encounter:29,경쟁 던전 폭풍부름꾼,,작성 자산 정의,produces-or-unlocks:offense:unappraised-loot; references:battlefield:civilian-corridor,현장 강도 8~11에서 적 구성 2개와 전장 조건 1개를 조합한다. 대응 태그 2개와 보상 1개가 전투 준비와 수익의 관계를 만든다.,encounter-composition-counters-and-rewards,근거 확인,,active-authored,Assets/Resources/SO/Content/GameDomainContentCatalog.asset; Assets/Resources/SO/GameContentCatalog.asset,catalog-registered-static-consumer,Assets/Scripts/Models/Offense/Core/OffenseAuthoredContentPort.cs; Assets/Scripts/Services/Items/GameContentCatalog.cs; Assets/Scripts/Services/Offense/EnemyEncounterFactory.cs; Assets/Scripts/Services/Offense/EnemyIndividualRuntime.cs; Assets/Scripts/Services/Offense/Strategic/OffenseStrategicDefinitions.cs; Assets/Scripts/Services/Run/V20CampaignRuntime.cs,Assets/Scripts/Services/Offense/EnemyEncounterFactory.cs; Assets/Scripts/Services/Offense/EnemyIndividualRuntime.cs; Assets/Scripts/Services/Run/V20CampaignRuntime.cs,0,,현장 강도 8~11에서 적 구성 2개와 전장 조건 1개를 조합한다. 대응 태그 2개와 보상 1개가 전투 준비와 수익의 관계를 만든다.,전투·건강·세계 영역의 OffenseEncounterSO 규칙을 분리해 재사용한다.,작성 자산에서 직접 비용·위험 수치를 확인할 수 없음,OffenseEncounterSO,"비교 후보(대체 가능성 미검증): OffenseEncounterSO:encounter:01, OffenseEncounterSO:encounter:02, OffenseEncounterSO:encounter:03, OffenseEncounterSO:encounter:04, OffenseEncounterSO:encounter:05, OffenseEncounterSO:encounter:06, OffenseEncounterSO:encounter:07, OffenseEncounterSO:encounter:08, OffenseEncounterSO:encounter:09, OffenseEncounterSO:encounter:10, OffenseEncounterSO:encounter:11, OffenseEncounterSO:encounter:12 외 23개",정적 콘텐츠 역참조는 확인되지 않음; 런타임 직접 조회와 설계상 공백은 별도 검증 필요,encounter-composition-counters-and-rewards; niche=type-contract; cost=type-contract,Assets/Resources/SO/V20/Combat/Encounters/encounter_29.asset,98fc59130b0c6824bb8e55f9cc413083,,"[""battlefield:civilian-corridor""]",1,0,"[""counter:precision"",""counter:anti-air""]",2,경쟁 던전 폭풍부름꾼,0,encounter:29,"[{""enemyArchetypeId"":""enemy:rival-stormcaller"",""maximumCount"":2,""minimumCount"":1},{""enemyArchetypeId"":""enemy:rival-packbreaker"",""maximumCount"":2,""minimumCount"":1}]",2,,,,8029,encounter_29,11,8,4,,,7,,OffenseEncounterObjective,Escape,explicit-serialized,"[""offense:unappraised-loot""]",1
combat-health-world,OffenseEncounterSO,OffenseEncounterSO|encounter:30,encounter:30,경쟁 던전 포자목자,,작성 자산 정의,produces-or-unlocks:offense:unappraised-loot; references:battlefield:unstable-device,현장 강도 8~11에서 적 구성 2개와 전장 조건 1개를 조합한다. 대응 태그 3개와 보상 1개가 전투 준비와 수익의 관계를 만든다.,encounter-composition-counters-and-rewards,근거 확인,,active-authored,Assets/Resources/SO/Content/GameDomainContentCatalog.asset; Assets/Resources/SO/GameContentCatalog.asset,catalog-registered-static-consumer,Assets/Scripts/Models/Offense/Core/OffenseAuthoredContentPort.cs; Assets/Scripts/Services/Items/GameContentCatalog.cs; Assets/Scripts/Services/Offense/EnemyEncounterFactory.cs; Assets/Scripts/Services/Offense/EnemyIndividualRuntime.cs; Assets/Scripts/Services/Offense/Strategic/OffenseStrategicDefinitions.cs; Assets/Scripts/Services/Run/V20CampaignRuntime.cs,Assets/Scripts/Services/Offense/EnemyEncounterFactory.cs; Assets/Scripts/Services/Offense/EnemyIndividualRuntime.cs; Assets/Scripts/Services/Run/V20CampaignRuntime.cs,0,,현장 강도 8~11에서 적 구성 2개와 전장 조건 1개를 조합한다. 대응 태그 3개와 보상 1개가 전투 준비와 수익의 관계를 만든다.,전투·건강·세계 영역의 OffenseEncounterSO 규칙을 분리해 재사용한다.,작성 자산에서 직접 비용·위험 수치를 확인할 수 없음,OffenseEncounterSO,"비교 후보(대체 가능성 미검증): OffenseEncounterSO:encounter:01, OffenseEncounterSO:encounter:02, OffenseEncounterSO:encounter:03, OffenseEncounterSO:encounter:04, OffenseEncounterSO:encounter:05, OffenseEncounterSO:encounter:06, OffenseEncounterSO:encounter:07, OffenseEncounterSO:encounter:08, OffenseEncounterSO:encounter:09, OffenseEncounterSO:encounter:10, OffenseEncounterSO:encounter:11, OffenseEncounterSO:encounter:12 외 23개",정적 콘텐츠 역참조는 확인되지 않음; 런타임 직접 조회와 설계상 공백은 별도 검증 필요,encounter-composition-counters-and-rewards; niche=type-contract; cost=type-contract,Assets/Resources/SO/V20/Combat/Encounters/encounter_30.asset,b44ae516b9c43d84ea55990850d156a1,0,"[""battlefield:unstable-device""]",1,1,"[""counter:sabotage"",""counter:fungicide"",""counter:nonlethal""]",3,경쟁 던전 포자목자,0,encounter:30,"[{""enemyArchetypeId"":""enemy:rival-spore-shepherd"",""maximumCount"":1,""minimumCount"":1},{""enemyArchetypeId"":""enemy:rival-pactbinder"",""maximumCount"":2,""minimumCount"":1}]",2,1,1,2.53,8030,encounter_30,11,8,5,2,1,7,enemy:rival-spore-shepherd,OffenseEncounterObjective,Capture Leader,explicit-serialized,"[""offense:unappraised-loot""]",1
combat-health-world,OffenseEncounterSO,OffenseEncounterSO|encounter:31,encounter:31,진실 봉인수호자,,작성 자산 정의,produces-or-unlocks:offense:unappraised-loot; references:battlefield:sealed-exit,현장 강도 8~11에서 적 구성 2개와 전장 조건 1개를 조합한다. 대응 태그 2개와 보상 1개가 전투 준비와 수익의 관계를 만든다.,encounter-composition-counters-and-rewards,근거 확인,,active-authored,Assets/Resources/SO/Content/GameDomainContentCatalog.asset; Assets/Resources/SO/GameContentCatalog.asset,catalog-registered-static-consumer,Assets/Scripts/Models/Offense/Core/OffenseAuthoredContentPort.cs; Assets/Scripts/Services/Items/GameContentCatalog.cs; Assets/Scripts/Services/Offense/EnemyEncounterFactory.cs; Assets/Scripts/Services/Offense/EnemyIndividualRuntime.cs; Assets/Scripts/Services/Offense/Strategic/OffenseStrategicDefinitions.cs; Assets/Scripts/Services/Run/V20CampaignRuntime.cs,Assets/Scripts/Services/Offense/EnemyEncounterFactory.cs; Assets/Scripts/Services/Offense/EnemyIndividualRuntime.cs; Assets/Scripts/Services/Run/V20CampaignRuntime.cs,0,,현장 강도 8~11에서 적 구성 2개와 전장 조건 1개를 조합한다. 대응 태그 2개와 보상 1개가 전투 준비와 수익의 관계를 만든다.,전투·건강·세계 영역의 OffenseEncounterSO 규칙을 분리해 재사용한다.,작성 자산에서 직접 비용·위험 수치를 확인할 수 없음,OffenseEncounterSO,"비교 후보(대체 가능성 미검증): OffenseEncounterSO:encounter:01, OffenseEncounterSO:encounter:02, OffenseEncounterSO:encounter:03, OffenseEncounterSO:encounter:04, OffenseEncounterSO:encounter:05, OffenseEncounterSO:encounter:06, OffenseEncounterSO:encounter:07, OffenseEncounterSO:encounter:08, OffenseEncounterSO:encounter:09, OffenseEncounterSO:encounter:10, OffenseEncounterSO:encounter:11, OffenseEncounterSO:encounter:12 외 23개",정적 콘텐츠 역참조는 확인되지 않음; 런타임 직접 조회와 설계상 공백은 별도 검증 필요,encounter-composition-counters-and-rewards; niche=type-contract; cost=type-contract,Assets/Resources/SO/V20/Combat/Encounters/encounter_31.asset,366cdfed1aa780d41a84ac28d41bdb7b,,"[""battlefield:sealed-exit""]",1,0,"[""counter:engineering"",""counter:mundane""]",2,진실 봉인수호자,0,encounter:31,"[{""enemyArchetypeId"":""enemy:truth-sealkeeper"",""maximumCount"":2,""minimumCount"":1},{""enemyArchetypeId"":""enemy:truth-null-warden"",""maximumCount"":2,""minimumCount"":1}]",2,,,,8031,encounter_31,11,8,0,,,0,,OffenseEncounterObjective,Defeat All,explicit-serialized,"[""offense:unappraised-loot""]",1
combat-health-world,OffenseEncounterSO,OffenseEncounterSO|encounter:32,encounter:32,진실 무효감시자,,작성 자산 정의,produces-or-unlocks:offense:unappraised-loot; references:battlefield:hostage-chain,현장 강도 8~11에서 적 구성 2개와 전장 조건 1개를 조합한다. 대응 태그 3개와 보상 1개가 전투 준비와 수익의 관계를 만든다.,encounter-composition-counters-and-rewards,근거 확인,,active-authored,Assets/Resources/SO/Content/GameDomainContentCatalog.asset; Assets/Resources/SO/GameContentCatalog.asset,catalog-registered-static-consumer,Assets/Scripts/Models/Offense/Core/OffenseAuthoredContentPort.cs; Assets/Scripts/Services/Items/GameContentCatalog.cs; Assets/Scripts/Services/Offense/EnemyEncounterFactory.cs; Assets/Scripts/Services/Offense/EnemyIndividualRuntime.cs; Assets/Scripts/Services/Offense/Strategic/OffenseStrategicDefinitions.cs; Assets/Scripts/Services/Run/V20CampaignRuntime.cs,Assets/Scripts/Services/Offense/EnemyEncounterFactory.cs; Assets/Scripts/Services/Offense/EnemyIndividualRuntime.cs; Assets/Scripts/Services/Run/V20CampaignRuntime.cs,0,,현장 강도 8~11에서 적 구성 2개와 전장 조건 1개를 조합한다. 대응 태그 3개와 보상 1개가 전투 준비와 수익의 관계를 만든다.,전투·건강·세계 영역의 OffenseEncounterSO 규칙을 분리해 재사용한다.,작성 자산에서 직접 비용·위험 수치를 확인할 수 없음,OffenseEncounterSO,"비교 후보(대체 가능성 미검증): OffenseEncounterSO:encounter:01, OffenseEncounterSO:encounter:02, OffenseEncounterSO:encounter:03, OffenseEncounterSO:encounter:04, OffenseEncounterSO:encounter:05, OffenseEncounterSO:encounter:06, OffenseEncounterSO:encounter:07, OffenseEncounterSO:encounter:08, OffenseEncounterSO:encounter:09, OffenseEncounterSO:encounter:10, OffenseEncounterSO:encounter:11, OffenseEncounterSO:encounter:12 외 23개",정적 콘텐츠 역참조는 확인되지 않음; 런타임 직접 조회와 설계상 공백은 별도 검증 필요,encounter-composition-counters-and-rewards; niche=type-contract; cost=type-contract,Assets/Resources/SO/V20/Combat/Encounters/encounter_32.asset,ef0cf5659ecc047408c46ff131d4dc9c,,"[""battlefield:hostage-chain""]",1,0,"[""counter:nonlethal"",""counter:powder"",""counter:interrupt-heal""]",3,진실 무효감시자,0,encounter:32,"[{""enemyArchetypeId"":""enemy:truth-null-warden"",""maximumCount"":2,""minimumCount"":1},{""enemyArchetypeId"":""enemy:truth-sealkeeper"",""maximumCount"":2,""minimumCount"":1}]",2,,,,8032,encounter_32,11,8,1,,,8,,OffenseEncounterObjective,Survive Rounds,explicit-serialized,"[""offense:unappraised-loot""]",1
combat-health-world,OffenseEncounterSO,OffenseEncounterSO|encounter:33,encounter:33,진실 기록집행자,,작성 자산 정의,produces-or-unlocks:offense:unappraised-loot; references:battlefield:mana-storm,현장 강도 9~12에서 적 구성 3개와 전장 조건 1개를 조합한다. 대응 태그 2개와 보상 1개가 전투 준비와 수익의 관계를 만든다.,encounter-composition-counters-and-rewards,근거 확인,,active-authored,Assets/Resources/SO/Content/GameDomainContentCatalog.asset; Assets/Resources/SO/GameContentCatalog.asset,catalog-registered-static-consumer,Assets/Scripts/Models/Offense/Core/OffenseAuthoredContentPort.cs; Assets/Scripts/Services/Items/GameContentCatalog.cs; Assets/Scripts/Services/Offense/EnemyEncounterFactory.cs; Assets/Scripts/Services/Offense/EnemyIndividualRuntime.cs; Assets/Scripts/Services/Offense/Strategic/OffenseStrategicDefinitions.cs; Assets/Scripts/Services/Run/V20CampaignRuntime.cs,Assets/Scripts/Services/Offense/EnemyEncounterFactory.cs; Assets/Scripts/Services/Offense/EnemyIndividualRuntime.cs; Assets/Scripts/Services/Run/V20CampaignRuntime.cs,0,,현장 강도 9~12에서 적 구성 3개와 전장 조건 1개를 조합한다. 대응 태그 2개와 보상 1개가 전투 준비와 수익의 관계를 만든다.,전투·건강·세계 영역의 OffenseEncounterSO 규칙을 분리해 재사용한다.,작성 자산에서 직접 비용·위험 수치를 확인할 수 없음,OffenseEncounterSO,"비교 후보(대체 가능성 미검증): OffenseEncounterSO:encounter:01, OffenseEncounterSO:encounter:02, OffenseEncounterSO:encounter:03, OffenseEncounterSO:encounter:04, OffenseEncounterSO:encounter:05, OffenseEncounterSO:encounter:06, OffenseEncounterSO:encounter:07, OffenseEncounterSO:encounter:08, OffenseEncounterSO:encounter:09, OffenseEncounterSO:encounter:10, OffenseEncounterSO:encounter:11, OffenseEncounterSO:encounter:12 외 23개",정적 콘텐츠 역참조는 확인되지 않음; 런타임 직접 조회와 설계상 공백은 별도 검증 필요,encounter-composition-counters-and-rewards; niche=type-contract; cost=type-contract,Assets/Resources/SO/V20/Combat/Encounters/encounter_33.asset,a27651bd9468b8942ae17f5629c78aaa,0,"[""battlefield:mana-storm""]",1,0,"[""counter:mana-grounding"",""counter:mixed-tactics""]",2,진실 기록집행자,1,encounter:33,"[{""enemyArchetypeId"":""enemy:truth-archivist"",""maximumCount"":2,""minimumCount"":1},{""enemyArchetypeId"":""enemy:truth-sealkeeper"",""maximumCount"":2,""minimumCount"":1},{""enemyArchetypeId"":""enemy:truth-null-warden"",""maximumCount"":2,""minimumCount"":1}]",3,8,7,1.1,8033,encounter_33,12,9,2,1,1,8,target:field-medic,OffenseEncounterObjective,Protect Target,explicit-serialized,"[""offense:unappraised-loot""]",1
combat-health-world,OffenseEncounterSO,OffenseEncounterSO|encounter:34,encounter:34,중립 용병 계약 붕괴,,작성 자산 정의,produces-or-unlocks:offense:unappraised-loot; references:battlefield:powder-smoke,현장 강도 9~12에서 적 구성 2개와 전장 조건 1개를 조합한다. 대응 태그 3개와 보상 1개가 전투 준비와 수익의 관계를 만든다.,encounter-composition-counters-and-rewards,근거 확인,,active-authored,Assets/Resources/SO/Content/GameDomainContentCatalog.asset; Assets/Resources/SO/GameContentCatalog.asset,catalog-registered-static-consumer,Assets/Scripts/Models/Offense/Core/OffenseAuthoredContentPort.cs; Assets/Scripts/Services/Items/GameContentCatalog.cs; Assets/Scripts/Services/Offense/EnemyEncounterFactory.cs; Assets/Scripts/Services/Offense/EnemyIndividualRuntime.cs; Assets/Scripts/Services/Offense/Strategic/OffenseStrategicDefinitions.cs; Assets/Scripts/Services/Run/V20CampaignRuntime.cs,Assets/Scripts/Services/Offense/EnemyEncounterFactory.cs; Assets/Scripts/Services/Offense/EnemyIndividualRuntime.cs; Assets/Scripts/Services/Run/V20CampaignRuntime.cs,0,,현장 강도 9~12에서 적 구성 2개와 전장 조건 1개를 조합한다. 대응 태그 3개와 보상 1개가 전투 준비와 수익의 관계를 만든다.,전투·건강·세계 영역의 OffenseEncounterSO 규칙을 분리해 재사용한다.,작성 자산에서 직접 비용·위험 수치를 확인할 수 없음,OffenseEncounterSO,"비교 후보(대체 가능성 미검증): OffenseEncounterSO:encounter:01, OffenseEncounterSO:encounter:02, OffenseEncounterSO:encounter:03, OffenseEncounterSO:encounter:04, OffenseEncounterSO:encounter:05, OffenseEncounterSO:encounter:06, OffenseEncounterSO:encounter:07, OffenseEncounterSO:encounter:08, OffenseEncounterSO:encounter:09, OffenseEncounterSO:encounter:10, OffenseEncounterSO:encounter:11, OffenseEncounterSO:encounter:12 외 23개",정적 콘텐츠 역참조는 확인되지 않음; 런타임 직접 조회와 설계상 공백은 별도 검증 필요,encounter-composition-counters-and-rewards; niche=type-contract; cost=type-contract,Assets/Resources/SO/V20/Combat/Encounters/encounter_34.asset,8b5cb7aedda14d945a45dcdba93ef33c,0,"[""battlefield:powder-smoke""]",1,0,"[""counter:smoke-hood"",""counter:break-contract"",""counter:sabotage""]",3,중립 용병 계약 붕괴,0,encounter:34,"[{""enemyArchetypeId"":""enemy:neutral-mercenary"",""maximumCount"":2,""minimumCount"":1},{""enemyArchetypeId"":""enemy:merchant-crossbow"",""maximumCount"":2,""minimumCount"":1}]",2,1,1,3.5,8034,encounter_34,12,9,3,1,1,7,target:war-device,OffenseEncounterObjective,Sabotage Target,explicit-serialized,"[""offense:unappraised-loot""]",1
combat-health-world,OffenseEncounterSO,OffenseEncounterSO|encounter:35,encounter:35,유랑 태엽구성체,,작성 자산 정의,produces-or-unlocks:offense:unappraised-loot; references:battlefield:spore-bloom,현장 강도 9~12에서 적 구성 2개와 전장 조건 1개를 조합한다. 대응 태그 2개와 보상 1개가 전투 준비와 수익의 관계를 만든다.,encounter-composition-counters-and-rewards,근거 확인,,active-authored,Assets/Resources/SO/Content/GameDomainContentCatalog.asset; Assets/Resources/SO/GameContentCatalog.asset,catalog-registered-static-consumer,Assets/Scripts/Models/Offense/Core/OffenseAuthoredContentPort.cs; Assets/Scripts/Services/Items/GameContentCatalog.cs; Assets/Scripts/Services/Offense/EnemyEncounterFactory.cs; Assets/Scripts/Services/Offense/EnemyIndividualRuntime.cs; Assets/Scripts/Services/Offense/Strategic/OffenseStrategicDefinitions.cs; Assets/Scripts/Services/Run/V20CampaignRuntime.cs,Assets/Scripts/Services/Offense/EnemyEncounterFactory.cs; Assets/Scripts/Services/Offense/EnemyIndividualRuntime.cs; Assets/Scripts/Services/Run/V20CampaignRuntime.cs,0,,현장 강도 9~12에서 적 구성 2개와 전장 조건 1개를 조합한다. 대응 태그 2개와 보상 1개가 전투 준비와 수익의 관계를 만든다.,전투·건강·세계 영역의 OffenseEncounterSO 규칙을 분리해 재사용한다.,작성 자산에서 직접 비용·위험 수치를 확인할 수 없음,OffenseEncounterSO,"비교 후보(대체 가능성 미검증): OffenseEncounterSO:encounter:01, OffenseEncounterSO:encounter:02, OffenseEncounterSO:encounter:03, OffenseEncounterSO:encounter:04, OffenseEncounterSO:encounter:05, OffenseEncounterSO:encounter:06, OffenseEncounterSO:encounter:07, OffenseEncounterSO:encounter:08, OffenseEncounterSO:encounter:09, OffenseEncounterSO:encounter:10, OffenseEncounterSO:encounter:11, OffenseEncounterSO:encounter:12 외 23개",정적 콘텐츠 역참조는 확인되지 않음; 런타임 직접 조회와 설계상 공백은 별도 검증 필요,encounter-composition-counters-and-rewards; niche=type-contract; cost=type-contract,Assets/Resources/SO/V20/Combat/Encounters/encounter_35.asset,00eed320a36f48441b0b46038e2fdeed,,"[""battlefield:spore-bloom""]",1,0,"[""counter:fungicide"",""counter:precision""]",2,유랑 태엽구성체,1,encounter:35,"[{""enemyArchetypeId"":""enemy:neutral-clockwork"",""maximumCount"":2,""minimumCount"":1},{""enemyArchetypeId"":""enemy:rival-spore-shepherd"",""maximumCount"":2,""minimumCount"":1}]",2,,,,8035,encounter_35,12,9,4,,,8,,OffenseEncounterObjective,Escape,explicit-serialized,"[""offense:unappraised-loot""]",1
combat-health-world,OffenseEncounterSO,OffenseEncounterSO|encounter:36,encounter:36,연막 공병 생포,,작성 자산 정의,produces-or-unlocks:offense:unappraised-loot; references:battlefield:collapsing-ceiling,현장 강도 9~12에서 적 구성 2개와 전장 조건 1개를 조합한다. 대응 태그 3개와 보상 1개가 전투 준비와 수익의 관계를 만든다.,encounter-composition-counters-and-rewards,근거 확인,,active-authored,Assets/Resources/SO/Content/GameDomainContentCatalog.asset; Assets/Resources/SO/GameContentCatalog.asset,catalog-registered-static-consumer,Assets/Scripts/Models/Offense/Core/OffenseAuthoredContentPort.cs; Assets/Scripts/Services/Items/GameContentCatalog.cs; Assets/Scripts/Services/Offense/EnemyEncounterFactory.cs; Assets/Scripts/Services/Offense/EnemyIndividualRuntime.cs; Assets/Scripts/Services/Offense/Strategic/OffenseStrategicDefinitions.cs; Assets/Scripts/Services/Run/V20CampaignRuntime.cs,Assets/Scripts/Services/Offense/EnemyEncounterFactory.cs; Assets/Scripts/Services/Offense/EnemyIndividualRuntime.cs; Assets/Scripts/Services/Run/V20CampaignRuntime.cs,0,,현장 강도 9~12에서 적 구성 2개와 전장 조건 1개를 조합한다. 대응 태그 3개와 보상 1개가 전투 준비와 수익의 관계를 만든다.,전투·건강·세계 영역의 OffenseEncounterSO 규칙을 분리해 재사용한다.,작성 자산에서 직접 비용·위험 수치를 확인할 수 없음,OffenseEncounterSO,"비교 후보(대체 가능성 미검증): OffenseEncounterSO:encounter:01, OffenseEncounterSO:encounter:02, OffenseEncounterSO:encounter:03, OffenseEncounterSO:encounter:04, OffenseEncounterSO:encounter:05, OffenseEncounterSO:encounter:06, OffenseEncounterSO:encounter:07, OffenseEncounterSO:encounter:08, OffenseEncounterSO:encounter:09, OffenseEncounterSO:encounter:10, OffenseEncounterSO:encounter:11, OffenseEncounterSO:encounter:12 외 23개",정적 콘텐츠 역참조는 확인되지 않음; 런타임 직접 조회와 설계상 공백은 별도 검증 필요,encounter-composition-counters-and-rewards; niche=type-contract; cost=type-contract,Assets/Resources/SO/V20/Combat/Encounters/encounter_36.asset,7cc70b8cea57aa7498be1ada4ca5c6fd,0,"[""battlefield:collapsing-ceiling""]",1,1,"[""counter:mobile"",""counter:detector"",""counter:nonlethal""]",3,연막 공병 생포,0,encounter:36,"[{""enemyArchetypeId"":""enemy:neutral-smoke-sapper"",""maximumCount"":1,""minimumCount"":1},{""enemyArchetypeId"":""enemy:neutral-mercenary"",""maximumCount"":2,""minimumCount"":1}]",2,1,1,2.53,8036,encounter_36,12,9,5,0.5,1,6,enemy:neutral-smoke-sapper,OffenseEncounterObjective,Capture Leader,explicit-serialized,"[""offense:unappraised-loot""]",1
