source_path,code_system,layer,domain,scope,namespace,declared_symbol_count,declared_symbols,symbol_kinds,architectural_roles,optimization_techniques,architecture_system_ids
Assets/Scripts/Services/Invasion/DefenseBreachRuntimeAdapter.cs,services:invasion,Services,Invasion,runtime,,4,DefenseBreachPlan; IDefenseBreachPlanner; DefenseBreachPlanner; DefenseBreachTargetRuntimeAdapter,class; interface,runtime-support,dictionary-index,architecture-system:13
Assets/Scripts/Services/Invasion/DefenseCombatExecutor.cs,services:invasion,Services,Invasion,runtime,,4,DefenseCombatExecutionResult; IDefenseCombatExecutor; DefenseCombatSupportServices; DefenseCombatExecutor,class; interface; struct,mutation-boundary-or-orchestration,,
Assets/Scripts/Services/Invasion/DefenseCombatPresentation.cs,services:invasion,Services,Invasion,runtime,,1,DefenseCombatPresentation,class,runtime-support,,
Assets/Scripts/Services/Invasion/DefenseEngagementCombatRuntime.cs,services:invasion,Services,Invasion,runtime,,1,DefenseEngagementCombatRuntime,class,runtime-support,,
Assets/Scripts/Services/Invasion/DefenseEngagementPersistence.cs,services:invasion,Services,Invasion,runtime,,1,DefenseEngagementPersistence,class,persistence,,
Assets/Scripts/Services/Invasion/DefenseEngagementRuntime.cs,services:invasion,Services,Invasion,runtime,,1,DefenseEngagementRuntime,class,runtime-support,,architecture-system:13
Assets/Scripts/Services/Invasion/DefenseEngagementRuntimeModels.cs,services:invasion,Services,Invasion,runtime,,5,DefenseEngagement; DefenseRangedSupportAccess; IDefenseEngagementRuntime; IInvasionOwnerEvacuationService; DefenseCombatFormula,class; interface,mutation-boundary-or-orchestration,,
Assets/Scripts/Services/Invasion/DefenseEngagementServices.cs,services:invasion,Services,Invasion,runtime,,2,DefenseEngagementWorldServices; DefenseEngagementCombatServices,class,mutation-boundary-or-orchestration,,
Assets/Scripts/Services/Invasion/DefenseEngagementStore.cs,services:invasion,Services,Invasion,runtime,,2,IDefenseEngagementStore; DefenseEngagementStore,class; interface,state-authority-or-registry,hash-membership,
Assets/Scripts/Services/Invasion/DefenseGuardControlRuntime.cs,services:invasion,Services,Invasion,runtime,,1,DefenseGuardControlRuntime,class,runtime-support,dictionary-index,
Assets/Scripts/Services/Invasion/DefenseInterceptPlannerRuntimeAdapter.cs,services:invasion,Services,Invasion,runtime,,1,DefenseInterceptPlanner,class,runtime-support,hash-membership,
Assets/Scripts/Services/Invasion/DefenseRaidAwarenessRuntime.cs,services:invasion,Services,Invasion,runtime,,5,DefenseRaidAwarenessRestoreCandidate; DefenseRaidAwarenessSnapshot; IDefenseRaidAwarenessRuntime; DefenseRaidAwarenessRuntime; RaidRecord,class; interface,ai-decision; persistence; read-projection; state-authority-or-registry,dictionary-index,
Assets/Scripts/Services/Invasion/DefenseRangedPositionPlannerRuntimeAdapter.cs,services:invasion,Services,Invasion,runtime,,1,DefenseRangedPositionPlanner,class,runtime-support,,
Assets/Scripts/Services/Invasion/DefenseRangedSupportRuntime.cs,services:invasion,Services,Invasion,runtime,,1,DefenseRangedSupportRuntime,class,runtime-support,,
Assets/Scripts/Services/Invasion/DungeonDefenseTimeResponseRuntime.cs,services:invasion,Services,Invasion,runtime,,1,DungeonDefenseTimeResponseRuntime,class,runtime-support,,
Assets/Scripts/Services/Invasion/Editor/DefenseEngagementDebugScenarios.cs,services:invasion,Services,Invasion,editor-verification,,2,DefenseEngagementDebugScenarios; TestHallway,class,editor-verification; validation,dictionary-index; hash-membership,
Assets/Scripts/Services/Invasion/Editor/DefenseEngagementPlayModeVerifier.cs,services:invasion,Services,Invasion,editor-verification,,4,DefenseEngagementPlayModeVerifier; PendingRunRequest; PolicyUiRunner; Runner,class; struct,editor-verification,dictionary-index; hash-membership,
Assets/Scripts/Services/Invasion/Editor/InvasionCombatReportDebugScenarios.cs,services:invasion,Services,Invasion,editor-verification,,4,InvasionCombatReportDebugScenarios; CombatReportScenarioWorld; CountingCombatReportListener; CountingEventAlertRequestListener,class,authored-definition; editor-verification; event-or-transaction; validation,,
Assets/Scripts/Services/Invasion/Editor/InvasionDefenseKitSupplyDebugScenarios.cs,services:invasion,Services,Invasion,editor-verification,,3,InvasionDefenseKitSupplyDebugScenarios; EmptyBuildingWorld; RecordingSlots,class,editor-verification; validation,dictionary-index,
Assets/Scripts/Services/Invasion/Editor/InvasionIntruderDebugScenarios.cs,services:invasion,Services,Invasion,editor-verification,,17,InvasionIntruderDebugScenarios; IsolatedInvasionSaveSection; FailOnceSaveSection; LateFailingRestoreParticipant; InvasionLiveProjectionSnapshot; IntruderScenarioWorld; FixedBuildingWorldQuery; FixedOwnerCandidateCatalog; ScenarioOwnerCharacterFactory; ScenarioOwnerRunLifecycleService; TestHallwayOccupant; ScenarioTimeScaleController; NoopInvasionSaveService; PassiveInterfaceProxy; ThrowingVisualRootFactory; TrackingCharacterSpawnObjectFactory; CountingFacilityDamageListener,class,ai-decision; editor-verification; mutation-boundary-or-orchestration; persistence; read-projection; state-authority-or-registry; validation,dictionary-index,
Assets/Scripts/Services/Invasion/Editor/InvasionThreatDebugScenarios.cs,services:invasion,Services,Invasion,editor-verification,,7,InvasionThreatDebugScenarios; FixedWorldSampler; NeutralRunVariableReader; NeutralMetaProgressionReader; CountingThreatWarningListener; CountingInvasionCandidateListener; CountingEventAlertRequestListener,class,authored-definition; editor-verification; event-or-transaction; validation,,
Assets/Scripts/Services/Invasion/InvasionCampaignRuntime.cs,services:invasion,Services,Invasion,runtime,,3,InvasionCampaignSaveData; IInvasionCampaignRuntime; InvasionCampaignRuntime,class; interface,ai-decision; persistence,dictionary-index; hash-membership; transaction-idempotency,
Assets/Scripts/Services/Invasion/InvasionCombatReportRuntime.cs,services:invasion,Services,Invasion,runtime,,1,InvasionCombatReportRuntime,class,runtime-support,,
Assets/Scripts/Services/Invasion/InvasionCombatReportSystem.cs,services:invasion,Services,Invasion,runtime,,7,InvasionCombatReportReadyEvent; InvasionCombatReport; InvasionFacilitySnapshot; DefenseContributionSnapshot; InvasionCombatReportSnapshot; DefenseContribution; InvasionCombatReportFormatter,class; struct,event-or-transaction; read-projection,,
Assets/Scripts/Services/Invasion/InvasionDefenseKitSupplyRuntime.cs,services:invasion,Services,Invasion,runtime,,5,AllianceSignalPostEligibility; InvasionDefenseKitSupplyPolicySource; InvasionDefenseKitSupplyUsabilityPolicy; InvasionDefenseKitSupplyRuntime; InvasionDefenseKitSupplyLifecycleRuntime,class,runtime-support,dictionary-index; revision-bound-cache,
Assets/Scripts/Services/Invasion/InvasionDefenseSummaryQuery.cs,services:invasion,Services,Invasion,runtime,,3,InvasionDefenseSummary; IInvasionDefenseSummaryService; InvasionDefenseSummaryService,class; interface; struct,mutation-boundary-or-orchestration,,
Assets/Scripts/Services/Invasion/InvasionDirectorRuntime.cs,services:invasion,Services,Invasion,runtime,,1,InvasionDirectorRuntime,class,runtime-support,transaction-idempotency,architecture-system:13
Assets/Scripts/Services/Invasion/InvasionDirectorRuntime.Restore.cs,services:invasion,Services,Invasion,runtime,,1,InvasionDirectorRestoreCoordinator,class,mutation-boundary-or-orchestration; persistence; state-authority-or-registry,,
Assets/Scripts/Services/Invasion/InvasionFacilityDamageRuntimeAdapter.cs,services:invasion,Services,Invasion,runtime,,1,InvasionFacilityDamageResolver,class,runtime-support,,
Assets/Scripts/Services/Invasion/InvasionFacilityTargetRuntimeProjection.cs,services:invasion,Services,Invasion,runtime,,1,InvasionFacilityTargetRuntimeProjection,class,read-projection,dictionary-index,
Assets/Scripts/Services/Invasion/InvasionIntruderCombatRules.cs,services:invasion,Services,Invasion,runtime,,1,InvasionIntruderCombatRules,class,runtime-support,,
Assets/Scripts/Services/Invasion/InvasionIntruderContentBinding.cs,services:invasion,Services,Invasion,runtime,,1,InvasionIntruderContentBinding,class,runtime-support,,
Assets/Scripts/Services/Invasion/InvasionIntruderContext.cs,services:invasion,Services,Invasion,runtime,,2,IInvasionIntruderContext; InvasionIntruderContext,class; interface,runtime-support,,
Assets/Scripts/Services/Invasion/InvasionIntruderEvents.cs,services:invasion,Services,Invasion,runtime,,5,InvasionSpawnedEvent; InvasionDungeonBreachedEvent; InvasionFacilityDamagedEvent; InvasionFinalCombatStartedEvent; DefenseFrontCollapsedEvent,struct,event-or-transaction,,
Assets/Scripts/Services/Invasion/InvasionIntruderExecutionCoordinator.cs,services:invasion,Services,Invasion,runtime,,2,IInvasionIntruderExecutionHost; InvasionIntruderExecutionCoordinator,class; interface,mutation-boundary-or-orchestration,,architecture-system:13
Assets/Scripts/Services/Invasion/InvasionIntruderFactory.cs,services:invasion,Services,Invasion,runtime,,2,IInvasionIntruderFactory; InvasionIntruderRuntimeFactory,class; interface,runtime-support,,
Assets/Scripts/Services/Invasion/InvasionIntruderPathPlanning.cs,services:invasion,Services,Invasion,runtime,,2,InvasionIntruderPathPlanResult; InvasionIntruderPathPlanning,class; struct,runtime-support,,
Assets/Scripts/Services/Invasion/InvasionIntruderPlannerRuntimeAdapter.cs,services:invasion,Services,Invasion,runtime,,2,InvasionIntruderPlanner; InvasionIntruderPathRuntimeSnapshot,class,read-projection,,
Assets/Scripts/Services/Invasion/InvasionIntruderRuntime.Restore.cs,services:invasion,Services,Invasion,runtime,,2,IInvasionIntruderRestorePort; InvasionIntruderRestoreCoordinator,class; interface,mutation-boundary-or-orchestration; persistence; state-authority-or-registry,,
Assets/Scripts/Services/Invasion/InvasionIntruderSceneAdapters.cs,services:invasion,Services,Invasion,runtime,,2,InvasionIntruderDefenseObservationSceneAdapter; InvasionIntruderEntrySceneAdapter,class,runtime-support,,
Assets/Scripts/Services/Invasion/InvasionIntruderSystem.cs,services:invasion,Services,Invasion,runtime,,1,InvasionIntruderRuntime,class,runtime-support,hash-membership,
Assets/Scripts/Services/Invasion/InvasionOwnerEvacuationService.cs,services:invasion,Services,Invasion,runtime,,2,InvasionOwnerEvacuationService; OwnerRestoreCandidate,class,mutation-boundary-or-orchestration; persistence; state-authority-or-registry,,
Assets/Scripts/Services/Invasion/InvasionSaveSection.cs,services:invasion,Services,Invasion,runtime,,1,InvasionSaveSection,class,persistence,,architecture-system:13
Assets/Scripts/Services/Invasion/InvasionSignalHornDurableEquipmentRuntime.cs,services:invasion,Services,Invasion,runtime,,3,InvasionSignalHornDurableEquipmentPolicySource; InvasionSignalHornDurableEquipmentRuntime; RallyEffect,class,runtime-support,revision-bound-cache,
Assets/Scripts/Services/Invasion/InvasionThreatRuntime.cs,services:invasion,Services,Invasion,runtime,,2,InvasionThreatPersistenceState; InvasionThreatRuntime,class,persistence,,
Assets/Scripts/Services/Invasion/InvasionThreatWorldSampler.cs,services:invasion,Services,Invasion,runtime,,3,IInvasionThreatWorldSampler; InvasionThreatWorldSampler; InvasionThreatValueCalculator,class; interface,runtime-support,,
