group,content_type,record_key,stable_id,display_name,description,mechanics,relations,existence_reason,reason_basis,review_status,review_reason,lifecycle_status,catalog_memberships,runtime_status,runtime_evidence,save_evidence,incoming_reference_count,incoming_source_types,system_role,strategic_niche,costs_and_risks,comparison_group,alternative_candidates,removal_impact,rationale_evidence,source_path,asset_guid,authored__airborneResistance,authored__description,authored__displayName,authored__dryingRate,authored__durability,authored__heatResistance,authored__id,authored__m_Name,authored__materialId,authored__physicalItemId,authored__requiredResearchId,authored__sterility,authored__tags,authored__tags__enum,authored__tags__label,authored__tags__origin,authored__warmth,authored__waterResistance,authored__weightMultiplier
production-facilities,TextileMaterialDefinitionSO,TextileMaterialDefinitionSO|textilematerial:23101,textilematerial:23101,그늘천,그늘천의 V22 주원단 정의. 등급과 상태 밴드만 물리 스택 병합 키에 사용한다.,작성 자산 정의,requires:research:textile:fiber,작성 목적은 '그늘천의 V22 주원단 정의. 등급과 상태 밴드만 물리 스택 병합 키에 사용한다'이다.,description-and-relations,근거 확인,,active-authored,Assets/Resources/SO/Content/GameDomainContentCatalog.asset; Assets/Resources/SO/GameContentCatalog.asset,catalog-registered-static-consumer,Assets/Scripts/Models/Economy/Content/ApparelDefinitionSO.cs; Assets/Scripts/Services/Economy/ApparelFacilityOutputCapacityContributor.cs; Assets/Scripts/Services/Economy/ApparelSpecialThroughputContributor.cs; Assets/Scripts/Services/Economy/ResourceEconomyContentCatalog.cs; Assets/Scripts/Services/Economy/V23BalanceWorkCalculator.cs; Assets/Scripts/Services/Economy/V27BalanceWorkCalculator.cs; Assets/Scripts/Services/Infrastructure/Environment/ApparelAvailabilityIndex.cs; Assets/Scripts/Services/Infrastructure/Environment/ApparelItemStateCodec.cs; Assets/Scripts/Services/Infrastructure/Environment/ApparelWorkOrderRuntime.cs; Assets/Scripts/Services/Infrastructure/Environment/EnvironmentalWorkwearProductionOutputHandler.cs; Assets/Scripts/Services/Infrastructure/Environment/EnvironmentalWorkwearProductionOutputRestoreCapabilityValidator.cs; Assets/Scripts/Services/Infrastructure/Environment/EnvironmentalWorkwearProductionOutputRestoreCapabilityValidatorDebugScenarios.cs,Assets/Scripts/Services/Economy/ApparelFacilityOutputCapacityContributor.cs; Assets/Scripts/Services/Economy/ApparelSpecialThroughputContributor.cs; Assets/Scripts/Services/Infrastructure/Environment/ApparelWorkOrderRuntime.cs; Assets/Scripts/Services/Infrastructure/Environment/EnvironmentalWorkwearProductionOutputHandler.cs; Assets/Scripts/Services/Infrastructure/Environment/EnvironmentalWorkwearProductionOutputRestoreCapabilityValidator.cs; Assets/Scripts/Services/Infrastructure/Environment/EnvironmentalWorkwearProductionOutputRestoreCapabilityValidatorDebugScenarios.cs,0,,작성 목적은 '그늘천의 V22 주원단 정의. 등급과 상태 밴드만 물리 스택 병합 키에 사용한다'이다.,생산·시설 영역의 TextileMaterialDefinitionSO 규칙을 분리해 재사용한다.,waterResistance=0.25; requiredResearchId=research:textile:fiber,TextileMaterialDefinitionSO,"비교 후보(대체 가능성 미검증): TextileMaterialDefinitionSO:textilematerial:23109, TextileMaterialDefinitionSO:textilematerial:23106, TextileMaterialDefinitionSO:textilematerial:23108, TextileMaterialDefinitionSO:textilematerial:23110, TextileMaterialDefinitionSO:textilematerial:23103, TextileMaterialDefinitionSO:textilematerial:23102, TextileMaterialDefinitionSO:textilematerial:23107, TextileMaterialDefinitionSO:textilematerial:23111, TextileMaterialDefinitionSO:textilematerial:23104, TextileMaterialDefinitionSO:textilematerial:23112, TextileMaterialDefinitionSO:textilematerial:23105",정적 콘텐츠 역참조는 확인되지 않음; 런타임 직접 조회와 설계상 공백은 별도 검증 필요,"description-and-relations; niche=type-contract; cost=requiredResearchId, waterResistance",Assets/Resources/SO/Apparel/Materials/textile_shade_cloth.asset,db3d531fbc4b9ad4386c37943e6e6219,0.2,그늘천의 V22 주원단 정의. 등급과 상태 밴드만 물리 스택 병합 키에 사용한다.,그늘천,1,60,0.35,23101,textile_shade_cloth,textile:shade-cloth,material:cloth,research:textile:fiber,0.15,5,TextileMaterialTag,알 수 없음 (5),explicit-serialized,0.45,0.25,1
production-facilities,TextileMaterialDefinitionSO,TextileMaterialDefinitionSO|textilematerial:23102,textilematerial:23102,서리 린넨,서리 린넨의 V22 주원단 정의. 등급과 상태 밴드만 물리 스택 병합 키에 사용한다.,작성 자산 정의,requires:research:textile:fiber,작성 목적은 '서리 린넨의 V22 주원단 정의. 등급과 상태 밴드만 물리 스택 병합 키에 사용한다'이다.,description-and-relations,근거 확인,,active-authored,Assets/Resources/SO/Content/GameDomainContentCatalog.asset; Assets/Resources/SO/GameContentCatalog.asset,catalog-registered-static-consumer,Assets/Scripts/Models/Economy/Content/ApparelDefinitionSO.cs; Assets/Scripts/Services/Economy/ApparelFacilityOutputCapacityContributor.cs; Assets/Scripts/Services/Economy/ApparelSpecialThroughputContributor.cs; Assets/Scripts/Services/Economy/ResourceEconomyContentCatalog.cs; Assets/Scripts/Services/Economy/V23BalanceWorkCalculator.cs; Assets/Scripts/Services/Economy/V27BalanceWorkCalculator.cs; Assets/Scripts/Services/Infrastructure/Environment/ApparelAvailabilityIndex.cs; Assets/Scripts/Services/Infrastructure/Environment/ApparelItemStateCodec.cs; Assets/Scripts/Services/Infrastructure/Environment/ApparelWorkOrderRuntime.cs; Assets/Scripts/Services/Infrastructure/Environment/EnvironmentalWorkwearProductionOutputHandler.cs; Assets/Scripts/Services/Infrastructure/Environment/EnvironmentalWorkwearProductionOutputRestoreCapabilityValidator.cs; Assets/Scripts/Services/Infrastructure/Environment/EnvironmentalWorkwearProductionOutputRestoreCapabilityValidatorDebugScenarios.cs,Assets/Scripts/Services/Economy/ApparelFacilityOutputCapacityContributor.cs; Assets/Scripts/Services/Economy/ApparelSpecialThroughputContributor.cs; Assets/Scripts/Services/Infrastructure/Environment/ApparelWorkOrderRuntime.cs; Assets/Scripts/Services/Infrastructure/Environment/EnvironmentalWorkwearProductionOutputHandler.cs; Assets/Scripts/Services/Infrastructure/Environment/EnvironmentalWorkwearProductionOutputRestoreCapabilityValidator.cs; Assets/Scripts/Services/Infrastructure/Environment/EnvironmentalWorkwearProductionOutputRestoreCapabilityValidatorDebugScenarios.cs,0,,작성 목적은 '서리 린넨의 V22 주원단 정의. 등급과 상태 밴드만 물리 스택 병합 키에 사용한다'이다.,생산·시설 영역의 TextileMaterialDefinitionSO 규칙을 분리해 재사용한다.,waterResistance=0.3; requiredResearchId=research:textile:fiber,TextileMaterialDefinitionSO,"비교 후보(대체 가능성 미검증): TextileMaterialDefinitionSO:textilematerial:23109, TextileMaterialDefinitionSO:textilematerial:23106, TextileMaterialDefinitionSO:textilematerial:23108, TextileMaterialDefinitionSO:textilematerial:23110, TextileMaterialDefinitionSO:textilematerial:23103, TextileMaterialDefinitionSO:textilematerial:23107, TextileMaterialDefinitionSO:textilematerial:23111, TextileMaterialDefinitionSO:textilematerial:23104, TextileMaterialDefinitionSO:textilematerial:23112, TextileMaterialDefinitionSO:textilematerial:23101, TextileMaterialDefinitionSO:textilematerial:23105",정적 콘텐츠 역참조는 확인되지 않음; 런타임 직접 조회와 설계상 공백은 별도 검증 필요,"description-and-relations; niche=type-contract; cost=requiredResearchId, waterResistance",Assets/Resources/SO/Apparel/Materials/textile_frost_linen.asset,9b50a78647915af4983508726fa85536,0.25,서리 린넨의 V22 주원단 정의. 등급과 상태 밴드만 물리 스택 병합 키에 사용한다.,서리 린넨,1.25,65,0.32,23102,textile_frost_linen,textile:frost-linen,material:frost-linen,research:textile:fiber,0.25,1061,TextileMaterialTag,알 수 없음 (1061),explicit-serialized,0.62,0.3,0.82
production-facilities,TextileMaterialDefinitionSO,TextileMaterialDefinitionSO|textilematerial:23103,textilematerial:23103,잿불 면직물,잿불 면직물의 V22 주원단 정의. 등급과 상태 밴드만 물리 스택 병합 키에 사용한다.,작성 자산 정의,requires:research:textile:fiber,작성 목적은 '잿불 면직물의 V22 주원단 정의. 등급과 상태 밴드만 물리 스택 병합 키에 사용한다'이다.,description-and-relations,근거 확인,,active-authored,Assets/Resources/SO/Content/GameDomainContentCatalog.asset; Assets/Resources/SO/GameContentCatalog.asset,catalog-registered-static-consumer,Assets/Scripts/Models/Economy/Content/ApparelDefinitionSO.cs; Assets/Scripts/Services/Economy/ApparelFacilityOutputCapacityContributor.cs; Assets/Scripts/Services/Economy/ApparelSpecialThroughputContributor.cs; Assets/Scripts/Services/Economy/ResourceEconomyContentCatalog.cs; Assets/Scripts/Services/Economy/V23BalanceWorkCalculator.cs; Assets/Scripts/Services/Economy/V27BalanceWorkCalculator.cs; Assets/Scripts/Services/Infrastructure/Environment/ApparelAvailabilityIndex.cs; Assets/Scripts/Services/Infrastructure/Environment/ApparelItemStateCodec.cs; Assets/Scripts/Services/Infrastructure/Environment/ApparelWorkOrderRuntime.cs; Assets/Scripts/Services/Infrastructure/Environment/EnvironmentalWorkwearProductionOutputHandler.cs; Assets/Scripts/Services/Infrastructure/Environment/EnvironmentalWorkwearProductionOutputRestoreCapabilityValidator.cs; Assets/Scripts/Services/Infrastructure/Environment/EnvironmentalWorkwearProductionOutputRestoreCapabilityValidatorDebugScenarios.cs,Assets/Scripts/Services/Economy/ApparelFacilityOutputCapacityContributor.cs; Assets/Scripts/Services/Economy/ApparelSpecialThroughputContributor.cs; Assets/Scripts/Services/Infrastructure/Environment/ApparelWorkOrderRuntime.cs; Assets/Scripts/Services/Infrastructure/Environment/EnvironmentalWorkwearProductionOutputHandler.cs; Assets/Scripts/Services/Infrastructure/Environment/EnvironmentalWorkwearProductionOutputRestoreCapabilityValidator.cs; Assets/Scripts/Services/Infrastructure/Environment/EnvironmentalWorkwearProductionOutputRestoreCapabilityValidatorDebugScenarios.cs,0,,작성 목적은 '잿불 면직물의 V22 주원단 정의. 등급과 상태 밴드만 물리 스택 병합 키에 사용한다'이다.,생산·시설 영역의 TextileMaterialDefinitionSO 규칙을 분리해 재사용한다.,waterResistance=0.22; requiredResearchId=research:textile:fiber,TextileMaterialDefinitionSO,"비교 후보(대체 가능성 미검증): TextileMaterialDefinitionSO:textilematerial:23109, TextileMaterialDefinitionSO:textilematerial:23106, TextileMaterialDefinitionSO:textilematerial:23108, TextileMaterialDefinitionSO:textilematerial:23110, TextileMaterialDefinitionSO:textilematerial:23102, TextileMaterialDefinitionSO:textilematerial:23107, TextileMaterialDefinitionSO:textilematerial:23111, TextileMaterialDefinitionSO:textilematerial:23104, TextileMaterialDefinitionSO:textilematerial:23112, TextileMaterialDefinitionSO:textilematerial:23101, TextileMaterialDefinitionSO:textilematerial:23105",정적 콘텐츠 역참조는 확인되지 않음; 런타임 직접 조회와 설계상 공백은 별도 검증 필요,"description-and-relations; niche=type-contract; cost=requiredResearchId, waterResistance",Assets/Resources/SO/Apparel/Materials/textile_ember_cotton.asset,2eb03b7d46220c9418e4e16f6138fe36,0.18,잿불 면직물의 V22 주원단 정의. 등급과 상태 밴드만 물리 스택 병합 키에 사용한다.,잿불 면직물,0.45,58,0.68,23103,textile_ember_cotton,textile:ember-cotton,material:ember-cotton,research:textile:fiber,0.3,69,TextileMaterialTag,알 수 없음 (69),explicit-serialized,0.25,0.22,0.88
production-facilities,TextileMaterialDefinitionSO,TextileMaterialDefinitionSO|textilematerial:23104,textilematerial:23104,습지 캔버스,습지 캔버스의 V22 주원단 정의. 등급과 상태 밴드만 물리 스택 병합 키에 사용한다.,작성 자산 정의,requires:research:textile:layered,작성 목적은 '습지 캔버스의 V22 주원단 정의. 등급과 상태 밴드만 물리 스택 병합 키에 사용한다'이다.,description-and-relations,근거 확인,,active-authored,Assets/Resources/SO/Content/GameDomainContentCatalog.asset; Assets/Resources/SO/GameContentCatalog.asset,catalog-registered-static-consumer,Assets/Scripts/Models/Economy/Content/ApparelDefinitionSO.cs; Assets/Scripts/Services/Economy/ApparelFacilityOutputCapacityContributor.cs; Assets/Scripts/Services/Economy/ApparelSpecialThroughputContributor.cs; Assets/Scripts/Services/Economy/ResourceEconomyContentCatalog.cs; Assets/Scripts/Services/Economy/V23BalanceWorkCalculator.cs; Assets/Scripts/Services/Economy/V27BalanceWorkCalculator.cs; Assets/Scripts/Services/Infrastructure/Environment/ApparelAvailabilityIndex.cs; Assets/Scripts/Services/Infrastructure/Environment/ApparelItemStateCodec.cs; Assets/Scripts/Services/Infrastructure/Environment/ApparelWorkOrderRuntime.cs; Assets/Scripts/Services/Infrastructure/Environment/EnvironmentalWorkwearProductionOutputHandler.cs; Assets/Scripts/Services/Infrastructure/Environment/EnvironmentalWorkwearProductionOutputRestoreCapabilityValidator.cs; Assets/Scripts/Services/Infrastructure/Environment/EnvironmentalWorkwearProductionOutputRestoreCapabilityValidatorDebugScenarios.cs,Assets/Scripts/Services/Economy/ApparelFacilityOutputCapacityContributor.cs; Assets/Scripts/Services/Economy/ApparelSpecialThroughputContributor.cs; Assets/Scripts/Services/Infrastructure/Environment/ApparelWorkOrderRuntime.cs; Assets/Scripts/Services/Infrastructure/Environment/EnvironmentalWorkwearProductionOutputHandler.cs; Assets/Scripts/Services/Infrastructure/Environment/EnvironmentalWorkwearProductionOutputRestoreCapabilityValidator.cs; Assets/Scripts/Services/Infrastructure/Environment/EnvironmentalWorkwearProductionOutputRestoreCapabilityValidatorDebugScenarios.cs,0,,작성 목적은 '습지 캔버스의 V22 주원단 정의. 등급과 상태 밴드만 물리 스택 병합 키에 사용한다'이다.,생산·시설 영역의 TextileMaterialDefinitionSO 규칙을 분리해 재사용한다.,waterResistance=0.72; requiredResearchId=research:textile:layered,TextileMaterialDefinitionSO,"비교 후보(대체 가능성 미검증): TextileMaterialDefinitionSO:textilematerial:23109, TextileMaterialDefinitionSO:textilematerial:23106, TextileMaterialDefinitionSO:textilematerial:23108, TextileMaterialDefinitionSO:textilematerial:23110, TextileMaterialDefinitionSO:textilematerial:23103, TextileMaterialDefinitionSO:textilematerial:23102, TextileMaterialDefinitionSO:textilematerial:23107, TextileMaterialDefinitionSO:textilematerial:23111, TextileMaterialDefinitionSO:textilematerial:23112, TextileMaterialDefinitionSO:textilematerial:23101, TextileMaterialDefinitionSO:textilematerial:23105",정적 콘텐츠 역참조는 확인되지 않음; 런타임 직접 조회와 설계상 공백은 별도 검증 필요,"description-and-relations; niche=type-contract; cost=requiredResearchId, waterResistance",Assets/Resources/SO/Apparel/Materials/textile_mire_canvas.asset,b67543628d70d2d40bc4945c95464ff5,0.3,습지 캔버스의 V22 주원단 정의. 등급과 상태 밴드만 물리 스택 병합 키에 사용한다.,습지 캔버스,0.75,92,0.38,23104,textile_mire_canvas,textile:mire-canvas,material:mire-canvas,research:textile:layered,0.2,645,TextileMaterialTag,알 수 없음 (645),explicit-serialized,0.38,0.72,1.35
production-facilities,TextileMaterialDefinitionSO,TextileMaterialDefinitionSO|textilematerial:23105,textilematerial:23105,포자 삼베,포자 삼베의 V22 주원단 정의. 등급과 상태 밴드만 물리 스택 병합 키에 사용한다.,작성 자산 정의,requires:research:textile:layered,작성 목적은 '포자 삼베의 V22 주원단 정의. 등급과 상태 밴드만 물리 스택 병합 키에 사용한다'이다.,description-and-relations,근거 확인,,active-authored,Assets/Resources/SO/Content/GameDomainContentCatalog.asset; Assets/Resources/SO/GameContentCatalog.asset,catalog-registered-static-consumer,Assets/Scripts/Models/Economy/Content/ApparelDefinitionSO.cs; Assets/Scripts/Services/Economy/ApparelFacilityOutputCapacityContributor.cs; Assets/Scripts/Services/Economy/ApparelSpecialThroughputContributor.cs; Assets/Scripts/Services/Economy/ResourceEconomyContentCatalog.cs; Assets/Scripts/Services/Economy/V23BalanceWorkCalculator.cs; Assets/Scripts/Services/Economy/V27BalanceWorkCalculator.cs; Assets/Scripts/Services/Infrastructure/Environment/ApparelAvailabilityIndex.cs; Assets/Scripts/Services/Infrastructure/Environment/ApparelItemStateCodec.cs; Assets/Scripts/Services/Infrastructure/Environment/ApparelWorkOrderRuntime.cs; Assets/Scripts/Services/Infrastructure/Environment/EnvironmentalWorkwearProductionOutputHandler.cs; Assets/Scripts/Services/Infrastructure/Environment/EnvironmentalWorkwearProductionOutputRestoreCapabilityValidator.cs; Assets/Scripts/Services/Infrastructure/Environment/EnvironmentalWorkwearProductionOutputRestoreCapabilityValidatorDebugScenarios.cs,Assets/Scripts/Services/Economy/ApparelFacilityOutputCapacityContributor.cs; Assets/Scripts/Services/Economy/ApparelSpecialThroughputContributor.cs; Assets/Scripts/Services/Infrastructure/Environment/ApparelWorkOrderRuntime.cs; Assets/Scripts/Services/Infrastructure/Environment/EnvironmentalWorkwearProductionOutputHandler.cs; Assets/Scripts/Services/Infrastructure/Environment/EnvironmentalWorkwearProductionOutputRestoreCapabilityValidator.cs; Assets/Scripts/Services/Infrastructure/Environment/EnvironmentalWorkwearProductionOutputRestoreCapabilityValidatorDebugScenarios.cs,0,,작성 목적은 '포자 삼베의 V22 주원단 정의. 등급과 상태 밴드만 물리 스택 병합 키에 사용한다'이다.,생산·시설 영역의 TextileMaterialDefinitionSO 규칙을 분리해 재사용한다.,waterResistance=0.35; requiredResearchId=research:textile:layered,TextileMaterialDefinitionSO,"비교 후보(대체 가능성 미검증): TextileMaterialDefinitionSO:textilematerial:23109, TextileMaterialDefinitionSO:textilematerial:23106, TextileMaterialDefinitionSO:textilematerial:23108, TextileMaterialDefinitionSO:textilematerial:23110, TextileMaterialDefinitionSO:textilematerial:23103, TextileMaterialDefinitionSO:textilematerial:23102, TextileMaterialDefinitionSO:textilematerial:23107, TextileMaterialDefinitionSO:textilematerial:23111, TextileMaterialDefinitionSO:textilematerial:23104, TextileMaterialDefinitionSO:textilematerial:23112, TextileMaterialDefinitionSO:textilematerial:23101",정적 콘텐츠 역참조는 확인되지 않음; 런타임 직접 조회와 설계상 공백은 별도 검증 필요,"description-and-relations; niche=type-contract; cost=requiredResearchId, waterResistance",Assets/Resources/SO/Apparel/Materials/textile_spore_hemp.asset,51c4ec8ed2c7ee9468d7642ba33ba90a,0.68,포자 삼베의 V22 주원단 정의. 등급과 상태 밴드만 물리 스택 병합 키에 사용한다.,포자 삼베,1.1,78,0.45,23105,textile_spore_hemp,textile:spore-hemp,material:spore-hemp,research:textile:layered,0.25,2053,TextileMaterialTag,알 수 없음 (2053),explicit-serialized,0.35,0.35,1.05
production-facilities,TextileMaterialDefinitionSO,TextileMaterialDefinitionSO|textilematerial:23106,textilematerial:23106,일반 모직,일반 모직의 V22 주원단 정의. 등급과 상태 밴드만 물리 스택 병합 키에 사용한다.,작성 자산 정의,requires:research:textile:fiber,작성 목적은 '일반 모직의 V22 주원단 정의. 등급과 상태 밴드만 물리 스택 병합 키에 사용한다'이다.,description-and-relations,근거 확인,,active-authored,Assets/Resources/SO/Content/GameDomainContentCatalog.asset; Assets/Resources/SO/GameContentCatalog.asset,catalog-registered-static-consumer,Assets/Scripts/Models/Economy/Content/ApparelDefinitionSO.cs; Assets/Scripts/Services/Economy/ApparelFacilityOutputCapacityContributor.cs; Assets/Scripts/Services/Economy/ApparelSpecialThroughputContributor.cs; Assets/Scripts/Services/Economy/ResourceEconomyContentCatalog.cs; Assets/Scripts/Services/Economy/V23BalanceWorkCalculator.cs; Assets/Scripts/Services/Economy/V27BalanceWorkCalculator.cs; Assets/Scripts/Services/Infrastructure/Environment/ApparelAvailabilityIndex.cs; Assets/Scripts/Services/Infrastructure/Environment/ApparelItemStateCodec.cs; Assets/Scripts/Services/Infrastructure/Environment/ApparelWorkOrderRuntime.cs; Assets/Scripts/Services/Infrastructure/Environment/EnvironmentalWorkwearProductionOutputHandler.cs; Assets/Scripts/Services/Infrastructure/Environment/EnvironmentalWorkwearProductionOutputRestoreCapabilityValidator.cs; Assets/Scripts/Services/Infrastructure/Environment/EnvironmentalWorkwearProductionOutputRestoreCapabilityValidatorDebugScenarios.cs,Assets/Scripts/Services/Economy/ApparelFacilityOutputCapacityContributor.cs; Assets/Scripts/Services/Economy/ApparelSpecialThroughputContributor.cs; Assets/Scripts/Services/Infrastructure/Environment/ApparelWorkOrderRuntime.cs; Assets/Scripts/Services/Infrastructure/Environment/EnvironmentalWorkwearProductionOutputHandler.cs; Assets/Scripts/Services/Infrastructure/Environment/EnvironmentalWorkwearProductionOutputRestoreCapabilityValidator.cs; Assets/Scripts/Services/Infrastructure/Environment/EnvironmentalWorkwearProductionOutputRestoreCapabilityValidatorDebugScenarios.cs,0,,작성 목적은 '일반 모직의 V22 주원단 정의. 등급과 상태 밴드만 물리 스택 병합 키에 사용한다'이다.,생산·시설 영역의 TextileMaterialDefinitionSO 규칙을 분리해 재사용한다.,waterResistance=0.28; requiredResearchId=research:textile:fiber,TextileMaterialDefinitionSO,"비교 후보(대체 가능성 미검증): TextileMaterialDefinitionSO:textilematerial:23109, TextileMaterialDefinitionSO:textilematerial:23108, TextileMaterialDefinitionSO:textilematerial:23110, TextileMaterialDefinitionSO:textilematerial:23103, TextileMaterialDefinitionSO:textilematerial:23102, TextileMaterialDefinitionSO:textilematerial:23107, TextileMaterialDefinitionSO:textilematerial:23111, TextileMaterialDefinitionSO:textilematerial:23104, TextileMaterialDefinitionSO:textilematerial:23112, TextileMaterialDefinitionSO:textilematerial:23101, TextileMaterialDefinitionSO:textilematerial:23105",정적 콘텐츠 역참조는 확인되지 않음; 런타임 직접 조회와 설계상 공백은 별도 검증 필요,"description-and-relations; niche=type-contract; cost=requiredResearchId, waterResistance",Assets/Resources/SO/Apparel/Materials/textile_common_wool.asset,7f8f56d8539bfda41a77eb22695c4a62,0.3,일반 모직의 V22 주원단 정의. 등급과 상태 밴드만 물리 스택 병합 키에 사용한다.,일반 모직,0.4,70,0.22,23106,textile_common_wool,textile:common-wool,material:common-wool,research:textile:fiber,0.2,41,TextileMaterialTag,알 수 없음 (41),explicit-serialized,0.75,0.28,1.2
production-facilities,TextileMaterialDefinitionSO,TextileMaterialDefinitionSO|textilematerial:23107,textilematerial:23107,서리 양모직,서리 양모직의 V22 주원단 정의. 등급과 상태 밴드만 물리 스택 병합 키에 사용한다.,작성 자산 정의,requires:research:textile:layered,작성 목적은 '서리 양모직의 V22 주원단 정의. 등급과 상태 밴드만 물리 스택 병합 키에 사용한다'이다.,description-and-relations,근거 확인,,active-authored,Assets/Resources/SO/Content/GameDomainContentCatalog.asset; Assets/Resources/SO/GameContentCatalog.asset,catalog-registered-static-consumer,Assets/Scripts/Models/Economy/Content/ApparelDefinitionSO.cs; Assets/Scripts/Services/Economy/ApparelFacilityOutputCapacityContributor.cs; Assets/Scripts/Services/Economy/ApparelSpecialThroughputContributor.cs; Assets/Scripts/Services/Economy/ResourceEconomyContentCatalog.cs; Assets/Scripts/Services/Economy/V23BalanceWorkCalculator.cs; Assets/Scripts/Services/Economy/V27BalanceWorkCalculator.cs; Assets/Scripts/Services/Infrastructure/Environment/ApparelAvailabilityIndex.cs; Assets/Scripts/Services/Infrastructure/Environment/ApparelItemStateCodec.cs; Assets/Scripts/Services/Infrastructure/Environment/ApparelWorkOrderRuntime.cs; Assets/Scripts/Services/Infrastructure/Environment/EnvironmentalWorkwearProductionOutputHandler.cs; Assets/Scripts/Services/Infrastructure/Environment/EnvironmentalWorkwearProductionOutputRestoreCapabilityValidator.cs; Assets/Scripts/Services/Infrastructure/Environment/EnvironmentalWorkwearProductionOutputRestoreCapabilityValidatorDebugScenarios.cs,Assets/Scripts/Services/Economy/ApparelFacilityOutputCapacityContributor.cs; Assets/Scripts/Services/Economy/ApparelSpecialThroughputContributor.cs; Assets/Scripts/Services/Infrastructure/Environment/ApparelWorkOrderRuntime.cs; Assets/Scripts/Services/Infrastructure/Environment/EnvironmentalWorkwearProductionOutputHandler.cs; Assets/Scripts/Services/Infrastructure/Environment/EnvironmentalWorkwearProductionOutputRestoreCapabilityValidator.cs; Assets/Scripts/Services/Infrastructure/Environment/EnvironmentalWorkwearProductionOutputRestoreCapabilityValidatorDebugScenarios.cs,0,,작성 목적은 '서리 양모직의 V22 주원단 정의. 등급과 상태 밴드만 물리 스택 병합 키에 사용한다'이다.,생산·시설 영역의 TextileMaterialDefinitionSO 규칙을 분리해 재사용한다.,waterResistance=0.38; requiredResearchId=research:textile:layered,TextileMaterialDefinitionSO,"비교 후보(대체 가능성 미검증): TextileMaterialDefinitionSO:textilematerial:23109, TextileMaterialDefinitionSO:textilematerial:23106, TextileMaterialDefinitionSO:textilematerial:23108, TextileMaterialDefinitionSO:textilematerial:23110, TextileMaterialDefinitionSO:textilematerial:23103, TextileMaterialDefinitionSO:textilematerial:23102, TextileMaterialDefinitionSO:textilematerial:23111, TextileMaterialDefinitionSO:textilematerial:23104, TextileMaterialDefinitionSO:textilematerial:23112, TextileMaterialDefinitionSO:textilematerial:23101, TextileMaterialDefinitionSO:textilematerial:23105",정적 콘텐츠 역참조는 확인되지 않음; 런타임 직접 조회와 설계상 공백은 별도 검증 필요,"description-and-relations; niche=type-contract; cost=requiredResearchId, waterResistance",Assets/Resources/SO/Apparel/Materials/textile_frost_wool.asset,f63a8fc3e494cc441ae836041ecc1907,0.35,서리 양모직의 V22 주원단 정의. 등급과 상태 밴드만 물리 스택 병합 키에 사용한다.,서리 양모직,0.55,84,0.18,23107,textile_frost_wool,textile:frost-wool,material:frost-wool,research:textile:layered,0.2,553,TextileMaterialTag,알 수 없음 (553),explicit-serialized,0.92,0.38,1.28
production-facilities,TextileMaterialDefinitionSO,TextileMaterialDefinitionSO|textilematerial:23108,textilematerial:23108,심층 염소모직,심층 염소모직의 V22 주원단 정의. 등급과 상태 밴드만 물리 스택 병합 키에 사용한다.,작성 자산 정의,requires:research:textile:layered,작성 목적은 '심층 염소모직의 V22 주원단 정의. 등급과 상태 밴드만 물리 스택 병합 키에 사용한다'이다.,description-and-relations,근거 확인,,active-authored,Assets/Resources/SO/Content/GameDomainContentCatalog.asset; Assets/Resources/SO/GameContentCatalog.asset,catalog-registered-static-consumer,Assets/Scripts/Models/Economy/Content/ApparelDefinitionSO.cs; Assets/Scripts/Services/Economy/ApparelFacilityOutputCapacityContributor.cs; Assets/Scripts/Services/Economy/ApparelSpecialThroughputContributor.cs; Assets/Scripts/Services/Economy/ResourceEconomyContentCatalog.cs; Assets/Scripts/Services/Economy/V23BalanceWorkCalculator.cs; Assets/Scripts/Services/Economy/V27BalanceWorkCalculator.cs; Assets/Scripts/Services/Infrastructure/Environment/ApparelAvailabilityIndex.cs; Assets/Scripts/Services/Infrastructure/Environment/ApparelItemStateCodec.cs; Assets/Scripts/Services/Infrastructure/Environment/ApparelWorkOrderRuntime.cs; Assets/Scripts/Services/Infrastructure/Environment/EnvironmentalWorkwearProductionOutputHandler.cs; Assets/Scripts/Services/Infrastructure/Environment/EnvironmentalWorkwearProductionOutputRestoreCapabilityValidator.cs; Assets/Scripts/Services/Infrastructure/Environment/EnvironmentalWorkwearProductionOutputRestoreCapabilityValidatorDebugScenarios.cs,Assets/Scripts/Services/Economy/ApparelFacilityOutputCapacityContributor.cs; Assets/Scripts/Services/Economy/ApparelSpecialThroughputContributor.cs; Assets/Scripts/Services/Infrastructure/Environment/ApparelWorkOrderRuntime.cs; Assets/Scripts/Services/Infrastructure/Environment/EnvironmentalWorkwearProductionOutputHandler.cs; Assets/Scripts/Services/Infrastructure/Environment/EnvironmentalWorkwearProductionOutputRestoreCapabilityValidator.cs; Assets/Scripts/Services/Infrastructure/Environment/EnvironmentalWorkwearProductionOutputRestoreCapabilityValidatorDebugScenarios.cs,0,,작성 목적은 '심층 염소모직의 V22 주원단 정의. 등급과 상태 밴드만 물리 스택 병합 키에 사용한다'이다.,생산·시설 영역의 TextileMaterialDefinitionSO 규칙을 분리해 재사용한다.,waterResistance=0.42; requiredResearchId=research:textile:layered,TextileMaterialDefinitionSO,"비교 후보(대체 가능성 미검증): TextileMaterialDefinitionSO:textilematerial:23109, TextileMaterialDefinitionSO:textilematerial:23106, TextileMaterialDefinitionSO:textilematerial:23110, TextileMaterialDefinitionSO:textilematerial:23103, TextileMaterialDefinitionSO:textilematerial:23102, TextileMaterialDefinitionSO:textilematerial:23107, TextileMaterialDefinitionSO:textilematerial:23111, TextileMaterialDefinitionSO:textilematerial:23104, TextileMaterialDefinitionSO:textilematerial:23112, TextileMaterialDefinitionSO:textilematerial:23101, TextileMaterialDefinitionSO:textilematerial:23105",정적 콘텐츠 역참조는 확인되지 않음; 런타임 직접 조회와 설계상 공백은 별도 검증 필요,"description-and-relations; niche=type-contract; cost=requiredResearchId, waterResistance",Assets/Resources/SO/Apparel/Materials/textile_deep_goat_wool.asset,57f328b8e027eff478c3c715437caad1,0.4,심층 염소모직의 V22 주원단 정의. 등급과 상태 밴드만 물리 스택 병합 키에 사용한다.,심층 염소모직,0.65,96,0.42,23108,textile_deep_goat_wool,textile:deep-goat-wool,material:deep-goat-wool,research:textile:layered,0.25,521,TextileMaterialTag,알 수 없음 (521),explicit-serialized,0.78,0.42,1.3
production-facilities,TextileMaterialDefinitionSO,TextileMaterialDefinitionSO|textilematerial:23109,textilematerial:23109,동굴 비단,동굴 비단의 V22 주원단 정의. 등급과 상태 밴드만 물리 스택 병합 키에 사용한다.,작성 자산 정의,requires:research:textile:tailoring,작성 목적은 '동굴 비단의 V22 주원단 정의. 등급과 상태 밴드만 물리 스택 병합 키에 사용한다'이다.,description-and-relations,근거 확인,,active-authored,Assets/Resources/SO/Content/GameDomainContentCatalog.asset; Assets/Resources/SO/GameContentCatalog.asset,catalog-registered-static-consumer,Assets/Scripts/Models/Economy/Content/ApparelDefinitionSO.cs; Assets/Scripts/Services/Economy/ApparelFacilityOutputCapacityContributor.cs; Assets/Scripts/Services/Economy/ApparelSpecialThroughputContributor.cs; Assets/Scripts/Services/Economy/ResourceEconomyContentCatalog.cs; Assets/Scripts/Services/Economy/V23BalanceWorkCalculator.cs; Assets/Scripts/Services/Economy/V27BalanceWorkCalculator.cs; Assets/Scripts/Services/Infrastructure/Environment/ApparelAvailabilityIndex.cs; Assets/Scripts/Services/Infrastructure/Environment/ApparelItemStateCodec.cs; Assets/Scripts/Services/Infrastructure/Environment/ApparelWorkOrderRuntime.cs; Assets/Scripts/Services/Infrastructure/Environment/EnvironmentalWorkwearProductionOutputHandler.cs; Assets/Scripts/Services/Infrastructure/Environment/EnvironmentalWorkwearProductionOutputRestoreCapabilityValidator.cs; Assets/Scripts/Services/Infrastructure/Environment/EnvironmentalWorkwearProductionOutputRestoreCapabilityValidatorDebugScenarios.cs,Assets/Scripts/Services/Economy/ApparelFacilityOutputCapacityContributor.cs; Assets/Scripts/Services/Economy/ApparelSpecialThroughputContributor.cs; Assets/Scripts/Services/Infrastructure/Environment/ApparelWorkOrderRuntime.cs; Assets/Scripts/Services/Infrastructure/Environment/EnvironmentalWorkwearProductionOutputHandler.cs; Assets/Scripts/Services/Infrastructure/Environment/EnvironmentalWorkwearProductionOutputRestoreCapabilityValidator.cs; Assets/Scripts/Services/Infrastructure/Environment/EnvironmentalWorkwearProductionOutputRestoreCapabilityValidatorDebugScenarios.cs,0,,작성 목적은 '동굴 비단의 V22 주원단 정의. 등급과 상태 밴드만 물리 스택 병합 키에 사용한다'이다.,생산·시설 영역의 TextileMaterialDefinitionSO 규칙을 분리해 재사용한다.,waterResistance=0.45; requiredResearchId=research:textile:tailoring,TextileMaterialDefinitionSO,"비교 후보(대체 가능성 미검증): TextileMaterialDefinitionSO:textilematerial:23106, TextileMaterialDefinitionSO:textilematerial:23108, TextileMaterialDefinitionSO:textilematerial:23110, TextileMaterialDefinitionSO:textilematerial:23103, TextileMaterialDefinitionSO:textilematerial:23102, TextileMaterialDefinitionSO:textilematerial:23107, TextileMaterialDefinitionSO:textilematerial:23111, TextileMaterialDefinitionSO:textilematerial:23104, TextileMaterialDefinitionSO:textilematerial:23112, TextileMaterialDefinitionSO:textilematerial:23101, TextileMaterialDefinitionSO:textilematerial:23105",정적 콘텐츠 역참조는 확인되지 않음; 런타임 직접 조회와 설계상 공백은 별도 검증 필요,"description-and-relations; niche=type-contract; cost=requiredResearchId, waterResistance",Assets/Resources/SO/Apparel/Materials/textile_cave_silk.asset,73da272a859b3984785f2a0ea5e4334e,0.5,동굴 비단의 V22 주원단 정의. 등급과 상태 밴드만 물리 스택 병합 키에 사용한다.,동굴 비단,1.35,74,0.55,23109,textile_cave_silk,textile:cave-silk,material:cave-silk,research:textile:tailoring,0.72,1289,TextileMaterialTag,알 수 없음 (1289),explicit-serialized,0.48,0.45,0.55
production-facilities,TextileMaterialDefinitionSO,TextileMaterialDefinitionSO|textilematerial:23110,textilematerial:23110,몽직물,몽직물의 V22 주원단 정의. 등급과 상태 밴드만 물리 스택 병합 키에 사용한다.,작성 자산 정의,requires:research:textile:tailoring,작성 목적은 '몽직물의 V22 주원단 정의. 등급과 상태 밴드만 물리 스택 병합 키에 사용한다'이다.,description-and-relations,근거 확인,,active-authored,Assets/Resources/SO/Content/GameDomainContentCatalog.asset; Assets/Resources/SO/GameContentCatalog.asset,catalog-registered-static-consumer,Assets/Scripts/Models/Economy/Content/ApparelDefinitionSO.cs; Assets/Scripts/Services/Economy/ApparelFacilityOutputCapacityContributor.cs; Assets/Scripts/Services/Economy/ApparelSpecialThroughputContributor.cs; Assets/Scripts/Services/Economy/ResourceEconomyContentCatalog.cs; Assets/Scripts/Services/Economy/V23BalanceWorkCalculator.cs; Assets/Scripts/Services/Economy/V27BalanceWorkCalculator.cs; Assets/Scripts/Services/Infrastructure/Environment/ApparelAvailabilityIndex.cs; Assets/Scripts/Services/Infrastructure/Environment/ApparelItemStateCodec.cs; Assets/Scripts/Services/Infrastructure/Environment/ApparelWorkOrderRuntime.cs; Assets/Scripts/Services/Infrastructure/Environment/EnvironmentalWorkwearProductionOutputHandler.cs; Assets/Scripts/Services/Infrastructure/Environment/EnvironmentalWorkwearProductionOutputRestoreCapabilityValidator.cs; Assets/Scripts/Services/Infrastructure/Environment/EnvironmentalWorkwearProductionOutputRestoreCapabilityValidatorDebugScenarios.cs,Assets/Scripts/Services/Economy/ApparelFacilityOutputCapacityContributor.cs; Assets/Scripts/Services/Economy/ApparelSpecialThroughputContributor.cs; Assets/Scripts/Services/Infrastructure/Environment/ApparelWorkOrderRuntime.cs; Assets/Scripts/Services/Infrastructure/Environment/EnvironmentalWorkwearProductionOutputHandler.cs; Assets/Scripts/Services/Infrastructure/Environment/EnvironmentalWorkwearProductionOutputRestoreCapabilityValidator.cs; Assets/Scripts/Services/Infrastructure/Environment/EnvironmentalWorkwearProductionOutputRestoreCapabilityValidatorDebugScenarios.cs,0,,작성 목적은 '몽직물의 V22 주원단 정의. 등급과 상태 밴드만 물리 스택 병합 키에 사용한다'이다.,생산·시설 영역의 TextileMaterialDefinitionSO 규칙을 분리해 재사용한다.,waterResistance=0.5; requiredResearchId=research:textile:tailoring,TextileMaterialDefinitionSO,"비교 후보(대체 가능성 미검증): TextileMaterialDefinitionSO:textilematerial:23109, TextileMaterialDefinitionSO:textilematerial:23106, TextileMaterialDefinitionSO:textilematerial:23108, TextileMaterialDefinitionSO:textilematerial:23103, TextileMaterialDefinitionSO:textilematerial:23102, TextileMaterialDefinitionSO:textilematerial:23107, TextileMaterialDefinitionSO:textilematerial:23111, TextileMaterialDefinitionSO:textilematerial:23104, TextileMaterialDefinitionSO:textilematerial:23112, TextileMaterialDefinitionSO:textilematerial:23101, TextileMaterialDefinitionSO:textilematerial:23105",정적 콘텐츠 역참조는 확인되지 않음; 런타임 직접 조회와 설계상 공백은 별도 검증 필요,"description-and-relations; niche=type-contract; cost=requiredResearchId, waterResistance",Assets/Resources/SO/Apparel/Materials/textile_dreamweave.asset,67781ca44b2a3504c99cd1ee9a1049e5,0.62,몽직물의 V22 주원단 정의. 등급과 상태 밴드만 물리 스택 병합 키에 사용한다.,몽직물,1.05,88,0.58,23110,textile_dreamweave,textile:dreamweave,material:dreamweave,research:textile:tailoring,0.55,1041,TextileMaterialTag,알 수 없음 (1041),explicit-serialized,0.58,0.5,0.62
production-facilities,TextileMaterialDefinitionSO,TextileMaterialDefinitionSO|textilematerial:23111,textilematerial:23111,가죽,가죽의 V22 주원단 정의. 등급과 상태 밴드만 물리 스택 병합 키에 사용한다.,작성 자산 정의,requires:research:textile:tailoring,작성 목적은 '가죽의 V22 주원단 정의. 등급과 상태 밴드만 물리 스택 병합 키에 사용한다'이다.,description-and-relations,근거 확인,,active-authored,Assets/Resources/SO/Content/GameDomainContentCatalog.asset; Assets/Resources/SO/GameContentCatalog.asset,catalog-registered-static-consumer,Assets/Scripts/Models/Economy/Content/ApparelDefinitionSO.cs; Assets/Scripts/Services/Economy/ApparelFacilityOutputCapacityContributor.cs; Assets/Scripts/Services/Economy/ApparelSpecialThroughputContributor.cs; Assets/Scripts/Services/Economy/ResourceEconomyContentCatalog.cs; Assets/Scripts/Services/Economy/V23BalanceWorkCalculator.cs; Assets/Scripts/Services/Economy/V27BalanceWorkCalculator.cs; Assets/Scripts/Services/Infrastructure/Environment/ApparelAvailabilityIndex.cs; Assets/Scripts/Services/Infrastructure/Environment/ApparelItemStateCodec.cs; Assets/Scripts/Services/Infrastructure/Environment/ApparelWorkOrderRuntime.cs; Assets/Scripts/Services/Infrastructure/Environment/EnvironmentalWorkwearProductionOutputHandler.cs; Assets/Scripts/Services/Infrastructure/Environment/EnvironmentalWorkwearProductionOutputRestoreCapabilityValidator.cs; Assets/Scripts/Services/Infrastructure/Environment/EnvironmentalWorkwearProductionOutputRestoreCapabilityValidatorDebugScenarios.cs,Assets/Scripts/Services/Economy/ApparelFacilityOutputCapacityContributor.cs; Assets/Scripts/Services/Economy/ApparelSpecialThroughputContributor.cs; Assets/Scripts/Services/Infrastructure/Environment/ApparelWorkOrderRuntime.cs; Assets/Scripts/Services/Infrastructure/Environment/EnvironmentalWorkwearProductionOutputHandler.cs; Assets/Scripts/Services/Infrastructure/Environment/EnvironmentalWorkwearProductionOutputRestoreCapabilityValidator.cs; Assets/Scripts/Services/Infrastructure/Environment/EnvironmentalWorkwearProductionOutputRestoreCapabilityValidatorDebugScenarios.cs,0,,작성 목적은 '가죽의 V22 주원단 정의. 등급과 상태 밴드만 물리 스택 병합 키에 사용한다'이다.,생산·시설 영역의 TextileMaterialDefinitionSO 규칙을 분리해 재사용한다.,waterResistance=0.62; requiredResearchId=research:textile:tailoring,TextileMaterialDefinitionSO,"비교 후보(대체 가능성 미검증): TextileMaterialDefinitionSO:textilematerial:23109, TextileMaterialDefinitionSO:textilematerial:23106, TextileMaterialDefinitionSO:textilematerial:23108, TextileMaterialDefinitionSO:textilematerial:23110, TextileMaterialDefinitionSO:textilematerial:23103, TextileMaterialDefinitionSO:textilematerial:23102, TextileMaterialDefinitionSO:textilematerial:23107, TextileMaterialDefinitionSO:textilematerial:23104, TextileMaterialDefinitionSO:textilematerial:23112, TextileMaterialDefinitionSO:textilematerial:23101, TextileMaterialDefinitionSO:textilematerial:23105",정적 콘텐츠 역참조는 확인되지 않음; 런타임 직접 조회와 설계상 공백은 별도 검증 필요,"description-and-relations; niche=type-contract; cost=requiredResearchId, waterResistance",Assets/Resources/SO/Apparel/Materials/textile_leather.asset,de711a5510ea04f4a9e07d63563aa41d,0.42,가죽의 V22 주원단 정의. 등급과 상태 밴드만 물리 스택 병합 키에 사용한다.,가죽,0.6,105,0.48,23111,textile_leather,textile:leather,material:leather,research:textile:tailoring,0.18,522,TextileMaterialTag,알 수 없음 (522),explicit-serialized,0.52,0.62,1.45
production-facilities,TextileMaterialDefinitionSO,TextileMaterialDefinitionSO|textilematerial:23112,textilematerial:23112,룬가죽,룬가죽의 V22 주원단 정의. 등급과 상태 밴드만 물리 스택 병합 키에 사용한다.,작성 자산 정의,requires:research:textile:tailoring,작성 목적은 '룬가죽의 V22 주원단 정의. 등급과 상태 밴드만 물리 스택 병합 키에 사용한다'이다.,description-and-relations,근거 확인,,active-authored,Assets/Resources/SO/Content/GameDomainContentCatalog.asset; Assets/Resources/SO/GameContentCatalog.asset,catalog-registered-static-consumer,Assets/Scripts/Models/Economy/Content/ApparelDefinitionSO.cs; Assets/Scripts/Services/Economy/ApparelFacilityOutputCapacityContributor.cs; Assets/Scripts/Services/Economy/ApparelSpecialThroughputContributor.cs; Assets/Scripts/Services/Economy/ResourceEconomyContentCatalog.cs; Assets/Scripts/Services/Economy/V23BalanceWorkCalculator.cs; Assets/Scripts/Services/Economy/V27BalanceWorkCalculator.cs; Assets/Scripts/Services/Infrastructure/Environment/ApparelAvailabilityIndex.cs; Assets/Scripts/Services/Infrastructure/Environment/ApparelItemStateCodec.cs; Assets/Scripts/Services/Infrastructure/Environment/ApparelWorkOrderRuntime.cs; Assets/Scripts/Services/Infrastructure/Environment/EnvironmentalWorkwearProductionOutputHandler.cs; Assets/Scripts/Services/Infrastructure/Environment/EnvironmentalWorkwearProductionOutputRestoreCapabilityValidator.cs; Assets/Scripts/Services/Infrastructure/Environment/EnvironmentalWorkwearProductionOutputRestoreCapabilityValidatorDebugScenarios.cs,Assets/Scripts/Services/Economy/ApparelFacilityOutputCapacityContributor.cs; Assets/Scripts/Services/Economy/ApparelSpecialThroughputContributor.cs; Assets/Scripts/Services/Infrastructure/Environment/ApparelWorkOrderRuntime.cs; Assets/Scripts/Services/Infrastructure/Environment/EnvironmentalWorkwearProductionOutputHandler.cs; Assets/Scripts/Services/Infrastructure/Environment/EnvironmentalWorkwearProductionOutputRestoreCapabilityValidator.cs; Assets/Scripts/Services/Infrastructure/Environment/EnvironmentalWorkwearProductionOutputRestoreCapabilityValidatorDebugScenarios.cs,0,,작성 목적은 '룬가죽의 V22 주원단 정의. 등급과 상태 밴드만 물리 스택 병합 키에 사용한다'이다.,생산·시설 영역의 TextileMaterialDefinitionSO 규칙을 분리해 재사용한다.,waterResistance=0.74; requiredResearchId=research:textile:tailoring,TextileMaterialDefinitionSO,"비교 후보(대체 가능성 미검증): TextileMaterialDefinitionSO:textilematerial:23109, TextileMaterialDefinitionSO:textilematerial:23106, TextileMaterialDefinitionSO:textilematerial:23108, TextileMaterialDefinitionSO:textilematerial:23110, TextileMaterialDefinitionSO:textilematerial:23103, TextileMaterialDefinitionSO:textilematerial:23102, TextileMaterialDefinitionSO:textilematerial:23107, TextileMaterialDefinitionSO:textilematerial:23111, TextileMaterialDefinitionSO:textilematerial:23104, TextileMaterialDefinitionSO:textilematerial:23101, TextileMaterialDefinitionSO:textilematerial:23105",정적 콘텐츠 역참조는 확인되지 않음; 런타임 직접 조회와 설계상 공백은 별도 검증 필요,"description-and-relations; niche=type-contract; cost=requiredResearchId, waterResistance",Assets/Resources/SO/Apparel/Materials/textile_rune_leather.asset,347ecd2950e2397449ab6da86506c827,0.68,룬가죽의 V22 주원단 정의. 등급과 상태 밴드만 물리 스택 병합 키에 사용한다.,룬가죽,0.75,125,0.7,23112,textile_rune_leather,textile:rune-leather,material:rune-leather,research:textile:tailoring,0.52,538,TextileMaterialTag,알 수 없음 (538),explicit-serialized,0.72,0.74,1.38
